order	observationId	identityId	context	fixture	seed	capMs
1	t4-striker-light-a-F1-s101009	breadth-t4-striker-light-a	F1	node-t4-volcanic-01	101009	600000
2	t4-squire-balanced-a-F2-s101009	breadth-t4-squire-balanced-a	F2	node-t4-tundra-01	101009	600000
3	t4-apprentice-heavy-a-B1-s101009	breadth-t4-apprentice-heavy-a	B1	node-t4-mountain-dungeon	101009	300000
4	t4-slinger-light-b-B2-s101009	breadth-t4-slinger-light-b	B2	node-t4-graveyard-dungeon	101009	300000
5	t4-conduit-balanced-b-F1-s101009	breadth-t4-conduit-balanced-b	F1	node-t4-volcanic-01	101009	600000
6	t4-spirit-heavy-b-F2-s101009	breadth-t4-spirit-heavy-b	F2	node-t4-tundra-01	101009	600000
7	t4-striker-light-a-F2-s101009	breadth-t4-striker-light-a	F2	node-t4-tundra-01	101009	600000
8	t4-squire-balanced-a-B1-s101009	breadth-t4-squire-balanced-a	B1	node-t4-mountain-dungeon	101009	300000
9	t4-apprentice-heavy-a-B2-s101009	breadth-t4-apprentice-heavy-a	B2	node-t4-graveyard-dungeon	101009	300000
10	t4-slinger-light-b-F1-s101009	breadth-t4-slinger-light-b	F1	node-t4-volcanic-01	101009	600000
11	t4-conduit-balanced-b-F2-s101009	breadth-t4-conduit-balanced-b	F2	node-t4-tundra-01	101009	600000
12	t4-spirit-heavy-b-B1-s101009	breadth-t4-spirit-heavy-b	B1	node-t4-mountain-dungeon	101009	300000
13	t4-striker-light-a-B1-s101009	breadth-t4-striker-light-a	B1	node-t4-mountain-dungeon	101009	300000
14	t4-squire-balanced-a-B2-s101009	breadth-t4-squire-balanced-a	B2	node-t4-graveyard-dungeon	101009	300000
15	t4-apprentice-heavy-a-F1-s101009	breadth-t4-apprentice-heavy-a	F1	node-t4-volcanic-01	101009	600000
16	t4-slinger-light-b-F2-s101009	breadth-t4-slinger-light-b	F2	node-t4-tundra-01	101009	600000
17	t4-conduit-balanced-b-B1-s101009	breadth-t4-conduit-balanced-b	B1	node-t4-mountain-dungeon	101009	300000
18	t4-spirit-heavy-b-B2-s101009	breadth-t4-spirit-heavy-b	B2	node-t4-graveyard-dungeon	101009	300000
19	t4-striker-light-a-B2-s101009	breadth-t4-striker-light-a	B2	node-t4-graveyard-dungeon	101009	300000
20	t4-squire-balanced-a-F1-s101009	breadth-t4-squire-balanced-a	F1	node-t4-volcanic-01	101009	600000
21	t4-apprentice-heavy-a-F2-s101009	breadth-t4-apprentice-heavy-a	F2	node-t4-tundra-01	101009	600000
22	t4-slinger-light-b-B1-s101009	breadth-t4-slinger-light-b	B1	node-t4-mountain-dungeon	101009	300000
23	t4-conduit-balanced-b-B2-s101009	breadth-t4-conduit-balanced-b	B2	node-t4-graveyard-dungeon	101009	300000
24	t4-spirit-heavy-b-F1-s101009	breadth-t4-spirit-heavy-b	F1	node-t4-volcanic-01	101009	600000
25	t4-striker-balanced-a-F1-s101009	breadth-t4-striker-balanced-a	F1	node-t4-volcanic-01	101009	600000
26	t4-squire-heavy-a-F2-s101009	breadth-t4-squire-heavy-a	F2	node-t4-tundra-01	101009	600000
27	t4-apprentice-light-b-B1-s101009	breadth-t4-apprentice-light-b	B1	node-t4-mountain-dungeon	101009	300000
28	t4-slinger-balanced-b-B2-s101009	breadth-t4-slinger-balanced-b	B2	node-t4-graveyard-dungeon	101009	300000
29	t4-conduit-heavy-b-F1-s101009	breadth-t4-conduit-heavy-b	F1	node-t4-volcanic-01	101009	600000
30	t4-spirit-light-c-F2-s101009	breadth-t4-spirit-light-c	F2	node-t4-tundra-01	101009	600000
31	t4-striker-balanced-a-F2-s101009	breadth-t4-striker-balanced-a	F2	node-t4-tundra-01	101009	600000
32	t4-squire-heavy-a-B1-s101009	breadth-t4-squire-heavy-a	B1	node-t4-mountain-dungeon	101009	300000
33	t4-apprentice-light-b-B2-s101009	breadth-t4-apprentice-light-b	B2	node-t4-graveyard-dungeon	101009	300000
34	t4-slinger-balanced-b-F1-s101009	breadth-t4-slinger-balanced-b	F1	node-t4-volcanic-01	101009	600000
35	t4-conduit-heavy-b-F2-s101009	breadth-t4-conduit-heavy-b	F2	node-t4-tundra-01	101009	600000
36	t4-spirit-light-c-B1-s101009	breadth-t4-spirit-light-c	B1	node-t4-mountain-dungeon	101009	300000
37	t4-striker-balanced-a-B1-s101009	breadth-t4-striker-balanced-a	B1	node-t4-mountain-dungeon	101009	300000
38	t4-squire-heavy-a-B2-s101009	breadth-t4-squire-heavy-a	B2	node-t4-graveyard-dungeon	101009	300000
39	t4-apprentice-light-b-F1-s101009	breadth-t4-apprentice-light-b	F1	node-t4-volcanic-01	101009	600000
40	t4-slinger-balanced-b-F2-s101009	breadth-t4-slinger-balanced-b	F2	node-t4-tundra-01	101009	600000
41	t4-conduit-heavy-b-B1-s101009	breadth-t4-conduit-heavy-b	B1	node-t4-mountain-dungeon	101009	300000
42	t4-spirit-light-c-B2-s101009	breadth-t4-spirit-light-c	B2	node-t4-graveyard-dungeon	101009	300000
43	t4-striker-balanced-a-B2-s101009	breadth-t4-striker-balanced-a	B2	node-t4-graveyard-dungeon	101009	300000
44	t4-squire-heavy-a-F1-s101009	breadth-t4-squire-heavy-a	F1	node-t4-volcanic-01	101009	600000
45	t4-apprentice-light-b-F2-s101009	breadth-t4-apprentice-light-b	F2	node-t4-tundra-01	101009	600000
46	t4-slinger-balanced-b-B1-s101009	breadth-t4-slinger-balanced-b	B1	node-t4-mountain-dungeon	101009	300000
47	t4-conduit-heavy-b-B2-s101009	breadth-t4-conduit-heavy-b	B2	node-t4-graveyard-dungeon	101009	300000
48	t4-spirit-light-c-F1-s101009	breadth-t4-spirit-light-c	F1	node-t4-volcanic-01	101009	600000
49	t4-striker-heavy-a-F1-s101009	breadth-t4-striker-heavy-a	F1	node-t4-volcanic-01	101009	600000
50	t4-squire-light-b-F2-s101009	breadth-t4-squire-light-b	F2	node-t4-tundra-01	101009	600000
51	t4-apprentice-balanced-b-B1-s101009	breadth-t4-apprentice-balanced-b	B1	node-t4-mountain-dungeon	101009	300000
52	t4-slinger-heavy-b-B2-s101009	breadth-t4-slinger-heavy-b	B2	node-t4-graveyard-dungeon	101009	300000
53	t4-conduit-light-c-F1-s101009	breadth-t4-conduit-light-c	F1	node-t4-volcanic-01	101009	600000
54	t4-spirit-balanced-c-F2-s101009	breadth-t4-spirit-balanced-c	F2	node-t4-tundra-01	101009	600000
55	t4-striker-heavy-a-F2-s101009	breadth-t4-striker-heavy-a	F2	node-t4-tundra-01	101009	600000
56	t4-squire-light-b-B1-s101009	breadth-t4-squire-light-b	B1	node-t4-mountain-dungeon	101009	300000
57	t4-apprentice-balanced-b-B2-s101009	breadth-t4-apprentice-balanced-b	B2	node-t4-graveyard-dungeon	101009	300000
58	t4-slinger-heavy-b-F1-s101009	breadth-t4-slinger-heavy-b	F1	node-t4-volcanic-01	101009	600000
59	t4-conduit-light-c-F2-s101009	breadth-t4-conduit-light-c	F2	node-t4-tundra-01	101009	600000
60	t4-spirit-balanced-c-B1-s101009	breadth-t4-spirit-balanced-c	B1	node-t4-mountain-dungeon	101009	300000
61	t4-striker-heavy-a-B1-s101009	breadth-t4-striker-heavy-a	B1	node-t4-mountain-dungeon	101009	300000
62	t4-squire-light-b-B2-s101009	breadth-t4-squire-light-b	B2	node-t4-graveyard-dungeon	101009	300000
63	t4-apprentice-balanced-b-F1-s101009	breadth-t4-apprentice-balanced-b	F1	node-t4-volcanic-01	101009	600000
64	t4-slinger-heavy-b-F2-s101009	breadth-t4-slinger-heavy-b	F2	node-t4-tundra-01	101009	600000
65	t4-conduit-light-c-B1-s101009	breadth-t4-conduit-light-c	B1	node-t4-mountain-dungeon	101009	300000
66	t4-spirit-balanced-c-B2-s101009	breadth-t4-spirit-balanced-c	B2	node-t4-graveyard-dungeon	101009	300000
67	t4-striker-heavy-a-B2-s101009	breadth-t4-striker-heavy-a	B2	node-t4-graveyard-dungeon	101009	300000
68	t4-squire-light-b-F1-s101009	breadth-t4-squire-light-b	F1	node-t4-volcanic-01	101009	600000
69	t4-apprentice-balanced-b-F2-s101009	breadth-t4-apprentice-balanced-b	F2	node-t4-tundra-01	101009	600000
70	t4-slinger-heavy-b-B1-s101009	breadth-t4-slinger-heavy-b	B1	node-t4-mountain-dungeon	101009	300000
71	t4-conduit-light-c-B2-s101009	breadth-t4-conduit-light-c	B2	node-t4-graveyard-dungeon	101009	300000
72	t4-spirit-balanced-c-F1-s101009	breadth-t4-spirit-balanced-c	F1	node-t4-volcanic-01	101009	600000
73	t4-striker-light-b-F1-s101009	breadth-t4-striker-light-b	F1	node-t4-volcanic-01	101009	600000
74	t4-squire-balanced-b-F2-s101009	breadth-t4-squire-balanced-b	F2	node-t4-tundra-01	101009	600000
75	t4-apprentice-heavy-b-B1-s101009	breadth-t4-apprentice-heavy-b	B1	node-t4-mountain-dungeon	101009	300000
76	t4-slinger-light-c-B2-s101009	breadth-t4-slinger-light-c	B2	node-t4-graveyard-dungeon	101009	300000
77	t4-conduit-balanced-c-F1-s101009	breadth-t4-conduit-balanced-c	F1	node-t4-volcanic-01	101009	600000
78	t4-spirit-heavy-c-F2-s101009	breadth-t4-spirit-heavy-c	F2	node-t4-tundra-01	101009	600000
79	t4-striker-light-b-F2-s101009	breadth-t4-striker-light-b	F2	node-t4-tundra-01	101009	600000
80	t4-squire-balanced-b-B1-s101009	breadth-t4-squire-balanced-b	B1	node-t4-mountain-dungeon	101009	300000
81	t4-apprentice-heavy-b-B2-s101009	breadth-t4-apprentice-heavy-b	B2	node-t4-graveyard-dungeon	101009	300000
82	t4-slinger-light-c-F1-s101009	breadth-t4-slinger-light-c	F1	node-t4-volcanic-01	101009	600000
83	t4-conduit-balanced-c-F2-s101009	breadth-t4-conduit-balanced-c	F2	node-t4-tundra-01	101009	600000
84	t4-spirit-heavy-c-B1-s101009	breadth-t4-spirit-heavy-c	B1	node-t4-mountain-dungeon	101009	300000
85	t4-striker-light-b-B1-s101009	breadth-t4-striker-light-b	B1	node-t4-mountain-dungeon	101009	300000
86	t4-squire-balanced-b-B2-s101009	breadth-t4-squire-balanced-b	B2	node-t4-graveyard-dungeon	101009	300000
87	t4-apprentice-heavy-b-F1-s101009	breadth-t4-apprentice-heavy-b	F1	node-t4-volcanic-01	101009	600000
88	t4-slinger-light-c-F2-s101009	breadth-t4-slinger-light-c	F2	node-t4-tundra-01	101009	600000
89	t4-conduit-balanced-c-B1-s101009	breadth-t4-conduit-balanced-c	B1	node-t4-mountain-dungeon	101009	300000
90	t4-spirit-heavy-c-B2-s101009	breadth-t4-spirit-heavy-c	B2	node-t4-graveyard-dungeon	101009	300000
91	t4-striker-light-b-B2-s101009	breadth-t4-striker-light-b	B2	node-t4-graveyard-dungeon	101009	300000
92	t4-squire-balanced-b-F1-s101009	breadth-t4-squire-balanced-b	F1	node-t4-volcanic-01	101009	600000
93	t4-apprentice-heavy-b-F2-s101009	breadth-t4-apprentice-heavy-b	F2	node-t4-tundra-01	101009	600000
94	t4-slinger-light-c-B1-s101009	breadth-t4-slinger-light-c	B1	node-t4-mountain-dungeon	101009	300000
95	t4-conduit-balanced-c-B2-s101009	breadth-t4-conduit-balanced-c	B2	node-t4-graveyard-dungeon	101009	300000
96	t4-spirit-heavy-c-F1-s101009	breadth-t4-spirit-heavy-c	F1	node-t4-volcanic-01	101009	600000
97	t4-striker-balanced-b-F1-s101009	breadth-t4-striker-balanced-b	F1	node-t4-volcanic-01	101009	600000
98	t4-squire-heavy-b-F2-s101009	breadth-t4-squire-heavy-b	F2	node-t4-tundra-01	101009	600000
99	t4-apprentice-light-c-B1-s101009	breadth-t4-apprentice-light-c	B1	node-t4-mountain-dungeon	101009	300000
100	t4-slinger-balanced-c-B2-s101009	breadth-t4-slinger-balanced-c	B2	node-t4-graveyard-dungeon	101009	300000
101	t4-conduit-heavy-c-F1-s101009	breadth-t4-conduit-heavy-c	F1	node-t4-volcanic-01	101009	600000
102	t4-spirit-light-a-F2-s101009	breadth-t4-spirit-light-a	F2	node-t4-tundra-01	101009	600000
103	t4-striker-balanced-b-F2-s101009	breadth-t4-striker-balanced-b	F2	node-t4-tundra-01	101009	600000
104	t4-squire-heavy-b-B1-s101009	breadth-t4-squire-heavy-b	B1	node-t4-mountain-dungeon	101009	300000
105	t4-apprentice-light-c-B2-s101009	breadth-t4-apprentice-light-c	B2	node-t4-graveyard-dungeon	101009	300000
106	t4-slinger-balanced-c-F1-s101009	breadth-t4-slinger-balanced-c	F1	node-t4-volcanic-01	101009	600000
107	t4-conduit-heavy-c-F2-s101009	breadth-t4-conduit-heavy-c	F2	node-t4-tundra-01	101009	600000
108	t4-spirit-light-a-B1-s101009	breadth-t4-spirit-light-a	B1	node-t4-mountain-dungeon	101009	300000
109	t4-striker-balanced-b-B1-s101009	breadth-t4-striker-balanced-b	B1	node-t4-mountain-dungeon	101009	300000
110	t4-squire-heavy-b-B2-s101009	breadth-t4-squire-heavy-b	B2	node-t4-graveyard-dungeon	101009	300000
111	t4-apprentice-light-c-F1-s101009	breadth-t4-apprentice-light-c	F1	node-t4-volcanic-01	101009	600000
112	t4-slinger-balanced-c-F2-s101009	breadth-t4-slinger-balanced-c	F2	node-t4-tundra-01	101009	600000
113	t4-conduit-heavy-c-B1-s101009	breadth-t4-conduit-heavy-c	B1	node-t4-mountain-dungeon	101009	300000
114	t4-spirit-light-a-B2-s101009	breadth-t4-spirit-light-a	B2	node-t4-graveyard-dungeon	101009	300000
115	t4-striker-balanced-b-B2-s101009	breadth-t4-striker-balanced-b	B2	node-t4-graveyard-dungeon	101009	300000
116	t4-squire-heavy-b-F1-s101009	breadth-t4-squire-heavy-b	F1	node-t4-volcanic-01	101009	600000
117	t4-apprentice-light-c-F2-s101009	breadth-t4-apprentice-light-c	F2	node-t4-tundra-01	101009	600000
118	t4-slinger-balanced-c-B1-s101009	breadth-t4-slinger-balanced-c	B1	node-t4-mountain-dungeon	101009	300000
119	t4-conduit-heavy-c-B2-s101009	breadth-t4-conduit-heavy-c	B2	node-t4-graveyard-dungeon	101009	300000
120	t4-spirit-light-a-F1-s101009	breadth-t4-spirit-light-a	F1	node-t4-volcanic-01	101009	600000
121	t4-striker-heavy-b-F1-s101009	breadth-t4-striker-heavy-b	F1	node-t4-volcanic-01	101009	600000
122	t4-squire-light-c-F2-s101009	breadth-t4-squire-light-c	F2	node-t4-tundra-01	101009	600000
123	t4-apprentice-balanced-c-B1-s101009	breadth-t4-apprentice-balanced-c	B1	node-t4-mountain-dungeon	101009	300000
124	t4-slinger-heavy-c-B2-s101009	breadth-t4-slinger-heavy-c	B2	node-t4-graveyard-dungeon	101009	300000
125	t4-conduit-light-a-F1-s101009	breadth-t4-conduit-light-a	F1	node-t4-volcanic-01	101009	600000
126	t4-spirit-balanced-a-F2-s101009	breadth-t4-spirit-balanced-a	F2	node-t4-tundra-01	101009	600000
127	t4-striker-heavy-b-F2-s101009	breadth-t4-striker-heavy-b	F2	node-t4-tundra-01	101009	600000
128	t4-squire-light-c-B1-s101009	breadth-t4-squire-light-c	B1	node-t4-mountain-dungeon	101009	300000
129	t4-apprentice-balanced-c-B2-s101009	breadth-t4-apprentice-balanced-c	B2	node-t4-graveyard-dungeon	101009	300000
130	t4-slinger-heavy-c-F1-s101009	breadth-t4-slinger-heavy-c	F1	node-t4-volcanic-01	101009	600000
131	t4-conduit-light-a-F2-s101009	breadth-t4-conduit-light-a	F2	node-t4-tundra-01	101009	600000
132	t4-spirit-balanced-a-B1-s101009	breadth-t4-spirit-balanced-a	B1	node-t4-mountain-dungeon	101009	300000
133	t4-striker-heavy-b-B1-s101009	breadth-t4-striker-heavy-b	B1	node-t4-mountain-dungeon	101009	300000
134	t4-squire-light-c-B2-s101009	breadth-t4-squire-light-c	B2	node-t4-graveyard-dungeon	101009	300000
135	t4-apprentice-balanced-c-F1-s101009	breadth-t4-apprentice-balanced-c	F1	node-t4-volcanic-01	101009	600000
136	t4-slinger-heavy-c-F2-s101009	breadth-t4-slinger-heavy-c	F2	node-t4-tundra-01	101009	600000
137	t4-conduit-light-a-B1-s101009	breadth-t4-conduit-light-a	B1	node-t4-mountain-dungeon	101009	300000
138	t4-spirit-balanced-a-B2-s101009	breadth-t4-spirit-balanced-a	B2	node-t4-graveyard-dungeon	101009	300000
139	t4-striker-heavy-b-B2-s101009	breadth-t4-striker-heavy-b	B2	node-t4-graveyard-dungeon	101009	300000
140	t4-squire-light-c-F1-s101009	breadth-t4-squire-light-c	F1	node-t4-volcanic-01	101009	600000
141	t4-apprentice-balanced-c-F2-s101009	breadth-t4-apprentice-balanced-c	F2	node-t4-tundra-01	101009	600000
142	t4-slinger-heavy-c-B1-s101009	breadth-t4-slinger-heavy-c	B1	node-t4-mountain-dungeon	101009	300000
143	t4-conduit-light-a-B2-s101009	breadth-t4-conduit-light-a	B2	node-t4-graveyard-dungeon	101009	300000
144	t4-spirit-balanced-a-F1-s101009	breadth-t4-spirit-balanced-a	F1	node-t4-volcanic-01	101009	600000
145	t4-striker-light-c-F1-s101009	breadth-t4-striker-light-c	F1	node-t4-volcanic-01	101009	600000
146	t4-squire-balanced-c-F2-s101009	breadth-t4-squire-balanced-c	F2	node-t4-tundra-01	101009	600000
147	t4-apprentice-heavy-c-B1-s101009	breadth-t4-apprentice-heavy-c	B1	node-t4-mountain-dungeon	101009	300000
148	t4-slinger-light-a-B2-s101009	breadth-t4-slinger-light-a	B2	node-t4-graveyard-dungeon	101009	300000
149	t4-conduit-balanced-a-F1-s101009	breadth-t4-conduit-balanced-a	F1	node-t4-volcanic-01	101009	600000
150	t4-spirit-heavy-a-F2-s101009	breadth-t4-spirit-heavy-a	F2	node-t4-tundra-01	101009	600000
151	t4-striker-light-c-F2-s101009	breadth-t4-striker-light-c	F2	node-t4-tundra-01	101009	600000
152	t4-squire-balanced-c-B1-s101009	breadth-t4-squire-balanced-c	B1	node-t4-mountain-dungeon	101009	300000
153	t4-apprentice-heavy-c-B2-s101009	breadth-t4-apprentice-heavy-c	B2	node-t4-graveyard-dungeon	101009	300000
154	t4-slinger-light-a-F1-s101009	breadth-t4-slinger-light-a	F1	node-t4-volcanic-01	101009	600000
155	t4-conduit-balanced-a-F2-s101009	breadth-t4-conduit-balanced-a	F2	node-t4-tundra-01	101009	600000
156	t4-spirit-heavy-a-B1-s101009	breadth-t4-spirit-heavy-a	B1	node-t4-mountain-dungeon	101009	300000
157	t4-striker-light-c-B1-s101009	breadth-t4-striker-light-c	B1	node-t4-mountain-dungeon	101009	300000
158	t4-squire-balanced-c-B2-s101009	breadth-t4-squire-balanced-c	B2	node-t4-graveyard-dungeon	101009	300000
159	t4-apprentice-heavy-c-F1-s101009	breadth-t4-apprentice-heavy-c	F1	node-t4-volcanic-01	101009	600000
160	t4-slinger-light-a-F2-s101009	breadth-t4-slinger-light-a	F2	node-t4-tundra-01	101009	600000
161	t4-conduit-balanced-a-B1-s101009	breadth-t4-conduit-balanced-a	B1	node-t4-mountain-dungeon	101009	300000
162	t4-spirit-heavy-a-B2-s101009	breadth-t4-spirit-heavy-a	B2	node-t4-graveyard-dungeon	101009	300000
163	t4-striker-light-c-B2-s101009	breadth-t4-striker-light-c	B2	node-t4-graveyard-dungeon	101009	300000
164	t4-squire-balanced-c-F1-s101009	breadth-t4-squire-balanced-c	F1	node-t4-volcanic-01	101009	600000
165	t4-apprentice-heavy-c-F2-s101009	breadth-t4-apprentice-heavy-c	F2	node-t4-tundra-01	101009	600000
166	t4-slinger-light-a-B1-s101009	breadth-t4-slinger-light-a	B1	node-t4-mountain-dungeon	101009	300000
167	t4-conduit-balanced-a-B2-s101009	breadth-t4-conduit-balanced-a	B2	node-t4-graveyard-dungeon	101009	300000
168	t4-spirit-heavy-a-F1-s101009	breadth-t4-spirit-heavy-a	F1	node-t4-volcanic-01	101009	600000
169	t4-striker-balanced-c-F1-s101009	breadth-t4-striker-balanced-c	F1	node-t4-volcanic-01	101009	600000
170	t4-squire-heavy-c-F2-s101009	breadth-t4-squire-heavy-c	F2	node-t4-tundra-01	101009	600000
171	t4-apprentice-light-a-B1-s101009	breadth-t4-apprentice-light-a	B1	node-t4-mountain-dungeon	101009	300000
172	t4-slinger-balanced-a-B2-s101009	breadth-t4-slinger-balanced-a	B2	node-t4-graveyard-dungeon	101009	300000
173	t4-conduit-heavy-a-F1-s101009	breadth-t4-conduit-heavy-a	F1	node-t4-volcanic-01	101009	600000
174	t4-spirit-light-b-F2-s101009	breadth-t4-spirit-light-b	F2	node-t4-tundra-01	101009	600000
175	t4-striker-balanced-c-F2-s101009	breadth-t4-striker-balanced-c	F2	node-t4-tundra-01	101009	600000
176	t4-squire-heavy-c-B1-s101009	breadth-t4-squire-heavy-c	B1	node-t4-mountain-dungeon	101009	300000
177	t4-apprentice-light-a-B2-s101009	breadth-t4-apprentice-light-a	B2	node-t4-graveyard-dungeon	101009	300000
178	t4-slinger-balanced-a-F1-s101009	breadth-t4-slinger-balanced-a	F1	node-t4-volcanic-01	101009	600000
179	t4-conduit-heavy-a-F2-s101009	breadth-t4-conduit-heavy-a	F2	node-t4-tundra-01	101009	600000
180	t4-spirit-light-b-B1-s101009	breadth-t4-spirit-light-b	B1	node-t4-mountain-dungeon	101009	300000
181	t4-striker-balanced-c-B1-s101009	breadth-t4-striker-balanced-c	B1	node-t4-mountain-dungeon	101009	300000
182	t4-squire-heavy-c-B2-s101009	breadth-t4-squire-heavy-c	B2	node-t4-graveyard-dungeon	101009	300000
183	t4-apprentice-light-a-F1-s101009	breadth-t4-apprentice-light-a	F1	node-t4-volcanic-01	101009	600000
184	t4-slinger-balanced-a-F2-s101009	breadth-t4-slinger-balanced-a	F2	node-t4-tundra-01	101009	600000
185	t4-conduit-heavy-a-B1-s101009	breadth-t4-conduit-heavy-a	B1	node-t4-mountain-dungeon	101009	300000
186	t4-spirit-light-b-B2-s101009	breadth-t4-spirit-light-b	B2	node-t4-graveyard-dungeon	101009	300000
187	t4-striker-balanced-c-B2-s101009	breadth-t4-striker-balanced-c	B2	node-t4-graveyard-dungeon	101009	300000
188	t4-squire-heavy-c-F1-s101009	breadth-t4-squire-heavy-c	F1	node-t4-volcanic-01	101009	600000
189	t4-apprentice-light-a-F2-s101009	breadth-t4-apprentice-light-a	F2	node-t4-tundra-01	101009	600000
190	t4-slinger-balanced-a-B1-s101009	breadth-t4-slinger-balanced-a	B1	node-t4-mountain-dungeon	101009	300000
191	t4-conduit-heavy-a-B2-s101009	breadth-t4-conduit-heavy-a	B2	node-t4-graveyard-dungeon	101009	300000
192	t4-spirit-light-b-F1-s101009	breadth-t4-spirit-light-b	F1	node-t4-volcanic-01	101009	600000
193	t4-striker-heavy-c-F1-s101009	breadth-t4-striker-heavy-c	F1	node-t4-volcanic-01	101009	600000
194	t4-squire-light-a-F2-s101009	breadth-t4-squire-light-a	F2	node-t4-tundra-01	101009	600000
195	t4-apprentice-balanced-a-B1-s101009	breadth-t4-apprentice-balanced-a	B1	node-t4-mountain-dungeon	101009	300000
196	t4-slinger-heavy-a-B2-s101009	breadth-t4-slinger-heavy-a	B2	node-t4-graveyard-dungeon	101009	300000
197	t4-conduit-light-b-F1-s101009	breadth-t4-conduit-light-b	F1	node-t4-volcanic-01	101009	600000
198	t4-spirit-balanced-b-F2-s101009	breadth-t4-spirit-balanced-b	F2	node-t4-tundra-01	101009	600000
199	t4-striker-heavy-c-F2-s101009	breadth-t4-striker-heavy-c	F2	node-t4-tundra-01	101009	600000
200	t4-squire-light-a-B1-s101009	breadth-t4-squire-light-a	B1	node-t4-mountain-dungeon	101009	300000
201	t4-apprentice-balanced-a-B2-s101009	breadth-t4-apprentice-balanced-a	B2	node-t4-graveyard-dungeon	101009	300000
202	t4-slinger-heavy-a-F1-s101009	breadth-t4-slinger-heavy-a	F1	node-t4-volcanic-01	101009	600000
203	t4-conduit-light-b-F2-s101009	breadth-t4-conduit-light-b	F2	node-t4-tundra-01	101009	600000
204	t4-spirit-balanced-b-B1-s101009	breadth-t4-spirit-balanced-b	B1	node-t4-mountain-dungeon	101009	300000
205	t4-striker-heavy-c-B1-s101009	breadth-t4-striker-heavy-c	B1	node-t4-mountain-dungeon	101009	300000
206	t4-squire-light-a-B2-s101009	breadth-t4-squire-light-a	B2	node-t4-graveyard-dungeon	101009	300000
207	t4-apprentice-balanced-a-F1-s101009	breadth-t4-apprentice-balanced-a	F1	node-t4-volcanic-01	101009	600000
208	t4-slinger-heavy-a-F2-s101009	breadth-t4-slinger-heavy-a	F2	node-t4-tundra-01	101009	600000
209	t4-conduit-light-b-B1-s101009	breadth-t4-conduit-light-b	B1	node-t4-mountain-dungeon	101009	300000
210	t4-spirit-balanced-b-B2-s101009	breadth-t4-spirit-balanced-b	B2	node-t4-graveyard-dungeon	101009	300000
211	t4-striker-heavy-c-B2-s101009	breadth-t4-striker-heavy-c	B2	node-t4-graveyard-dungeon	101009	300000
212	t4-squire-light-a-F1-s101009	breadth-t4-squire-light-a	F1	node-t4-volcanic-01	101009	600000
213	t4-apprentice-balanced-a-F2-s101009	breadth-t4-apprentice-balanced-a	F2	node-t4-tundra-01	101009	600000
214	t4-slinger-heavy-a-B1-s101009	breadth-t4-slinger-heavy-a	B1	node-t4-mountain-dungeon	101009	300000
215	t4-conduit-light-b-B2-s101009	breadth-t4-conduit-light-b	B2	node-t4-graveyard-dungeon	101009	300000
216	t4-spirit-balanced-b-F1-s101009	breadth-t4-spirit-balanced-b	F1	node-t4-volcanic-01	101009	600000
217	t4-striker-light-a-F1-s101033	breadth-t4-striker-light-a	F1	node-t4-volcanic-01	101033	600000
218	t4-squire-balanced-a-F2-s101033	breadth-t4-squire-balanced-a	F2	node-t4-tundra-01	101033	600000
219	t4-apprentice-heavy-a-B1-s101033	breadth-t4-apprentice-heavy-a	B1	node-t4-mountain-dungeon	101033	300000
220	t4-slinger-light-b-B2-s101033	breadth-t4-slinger-light-b	B2	node-t4-graveyard-dungeon	101033	300000
221	t4-conduit-balanced-b-F1-s101033	breadth-t4-conduit-balanced-b	F1	node-t4-volcanic-01	101033	600000
222	t4-spirit-heavy-b-F2-s101033	breadth-t4-spirit-heavy-b	F2	node-t4-tundra-01	101033	600000
223	t4-striker-light-a-F2-s101033	breadth-t4-striker-light-a	F2	node-t4-tundra-01	101033	600000
224	t4-squire-balanced-a-B1-s101033	breadth-t4-squire-balanced-a	B1	node-t4-mountain-dungeon	101033	300000
225	t4-apprentice-heavy-a-B2-s101033	breadth-t4-apprentice-heavy-a	B2	node-t4-graveyard-dungeon	101033	300000
226	t4-slinger-light-b-F1-s101033	breadth-t4-slinger-light-b	F1	node-t4-volcanic-01	101033	600000
227	t4-conduit-balanced-b-F2-s101033	breadth-t4-conduit-balanced-b	F2	node-t4-tundra-01	101033	600000
228	t4-spirit-heavy-b-B1-s101033	breadth-t4-spirit-heavy-b	B1	node-t4-mountain-dungeon	101033	300000
229	t4-striker-light-a-B1-s101033	breadth-t4-striker-light-a	B1	node-t4-mountain-dungeon	101033	300000
230	t4-squire-balanced-a-B2-s101033	breadth-t4-squire-balanced-a	B2	node-t4-graveyard-dungeon	101033	300000
231	t4-apprentice-heavy-a-F1-s101033	breadth-t4-apprentice-heavy-a	F1	node-t4-volcanic-01	101033	600000
232	t4-slinger-light-b-F2-s101033	breadth-t4-slinger-light-b	F2	node-t4-tundra-01	101033	600000
233	t4-conduit-balanced-b-B1-s101033	breadth-t4-conduit-balanced-b	B1	node-t4-mountain-dungeon	101033	300000
234	t4-spirit-heavy-b-B2-s101033	breadth-t4-spirit-heavy-b	B2	node-t4-graveyard-dungeon	101033	300000
235	t4-striker-light-a-B2-s101033	breadth-t4-striker-light-a	B2	node-t4-graveyard-dungeon	101033	300000
236	t4-squire-balanced-a-F1-s101033	breadth-t4-squire-balanced-a	F1	node-t4-volcanic-01	101033	600000
237	t4-apprentice-heavy-a-F2-s101033	breadth-t4-apprentice-heavy-a	F2	node-t4-tundra-01	101033	600000
238	t4-slinger-light-b-B1-s101033	breadth-t4-slinger-light-b	B1	node-t4-mountain-dungeon	101033	300000
239	t4-conduit-balanced-b-B2-s101033	breadth-t4-conduit-balanced-b	B2	node-t4-graveyard-dungeon	101033	300000
240	t4-spirit-heavy-b-F1-s101033	breadth-t4-spirit-heavy-b	F1	node-t4-volcanic-01	101033	600000
241	t4-striker-balanced-a-F1-s101033	breadth-t4-striker-balanced-a	F1	node-t4-volcanic-01	101033	600000
242	t4-squire-heavy-a-F2-s101033	breadth-t4-squire-heavy-a	F2	node-t4-tundra-01	101033	600000
243	t4-apprentice-light-b-B1-s101033	breadth-t4-apprentice-light-b	B1	node-t4-mountain-dungeon	101033	300000
244	t4-slinger-balanced-b-B2-s101033	breadth-t4-slinger-balanced-b	B2	node-t4-graveyard-dungeon	101033	300000
245	t4-conduit-heavy-b-F1-s101033	breadth-t4-conduit-heavy-b	F1	node-t4-volcanic-01	101033	600000
246	t4-spirit-light-c-F2-s101033	breadth-t4-spirit-light-c	F2	node-t4-tundra-01	101033	600000
247	t4-striker-balanced-a-F2-s101033	breadth-t4-striker-balanced-a	F2	node-t4-tundra-01	101033	600000
248	t4-squire-heavy-a-B1-s101033	breadth-t4-squire-heavy-a	B1	node-t4-mountain-dungeon	101033	300000
249	t4-apprentice-light-b-B2-s101033	breadth-t4-apprentice-light-b	B2	node-t4-graveyard-dungeon	101033	300000
250	t4-slinger-balanced-b-F1-s101033	breadth-t4-slinger-balanced-b	F1	node-t4-volcanic-01	101033	600000
251	t4-conduit-heavy-b-F2-s101033	breadth-t4-conduit-heavy-b	F2	node-t4-tundra-01	101033	600000
252	t4-spirit-light-c-B1-s101033	breadth-t4-spirit-light-c	B1	node-t4-mountain-dungeon	101033	300000
253	t4-striker-balanced-a-B1-s101033	breadth-t4-striker-balanced-a	B1	node-t4-mountain-dungeon	101033	300000
254	t4-squire-heavy-a-B2-s101033	breadth-t4-squire-heavy-a	B2	node-t4-graveyard-dungeon	101033	300000
255	t4-apprentice-light-b-F1-s101033	breadth-t4-apprentice-light-b	F1	node-t4-volcanic-01	101033	600000
256	t4-slinger-balanced-b-F2-s101033	breadth-t4-slinger-balanced-b	F2	node-t4-tundra-01	101033	600000
257	t4-conduit-heavy-b-B1-s101033	breadth-t4-conduit-heavy-b	B1	node-t4-mountain-dungeon	101033	300000
258	t4-spirit-light-c-B2-s101033	breadth-t4-spirit-light-c	B2	node-t4-graveyard-dungeon	101033	300000
259	t4-striker-balanced-a-B2-s101033	breadth-t4-striker-balanced-a	B2	node-t4-graveyard-dungeon	101033	300000
260	t4-squire-heavy-a-F1-s101033	breadth-t4-squire-heavy-a	F1	node-t4-volcanic-01	101033	600000
261	t4-apprentice-light-b-F2-s101033	breadth-t4-apprentice-light-b	F2	node-t4-tundra-01	101033	600000
262	t4-slinger-balanced-b-B1-s101033	breadth-t4-slinger-balanced-b	B1	node-t4-mountain-dungeon	101033	300000
263	t4-conduit-heavy-b-B2-s101033	breadth-t4-conduit-heavy-b	B2	node-t4-graveyard-dungeon	101033	300000
264	t4-spirit-light-c-F1-s101033	breadth-t4-spirit-light-c	F1	node-t4-volcanic-01	101033	600000
265	t4-striker-heavy-a-F1-s101033	breadth-t4-striker-heavy-a	F1	node-t4-volcanic-01	101033	600000
266	t4-squire-light-b-F2-s101033	breadth-t4-squire-light-b	F2	node-t4-tundra-01	101033	600000
267	t4-apprentice-balanced-b-B1-s101033	breadth-t4-apprentice-balanced-b	B1	node-t4-mountain-dungeon	101033	300000
268	t4-slinger-heavy-b-B2-s101033	breadth-t4-slinger-heavy-b	B2	node-t4-graveyard-dungeon	101033	300000
269	t4-conduit-light-c-F1-s101033	breadth-t4-conduit-light-c	F1	node-t4-volcanic-01	101033	600000
270	t4-spirit-balanced-c-F2-s101033	breadth-t4-spirit-balanced-c	F2	node-t4-tundra-01	101033	600000
271	t4-striker-heavy-a-F2-s101033	breadth-t4-striker-heavy-a	F2	node-t4-tundra-01	101033	600000
272	t4-squire-light-b-B1-s101033	breadth-t4-squire-light-b	B1	node-t4-mountain-dungeon	101033	300000
273	t4-apprentice-balanced-b-B2-s101033	breadth-t4-apprentice-balanced-b	B2	node-t4-graveyard-dungeon	101033	300000
274	t4-slinger-heavy-b-F1-s101033	breadth-t4-slinger-heavy-b	F1	node-t4-volcanic-01	101033	600000
275	t4-conduit-light-c-F2-s101033	breadth-t4-conduit-light-c	F2	node-t4-tundra-01	101033	600000
276	t4-spirit-balanced-c-B1-s101033	breadth-t4-spirit-balanced-c	B1	node-t4-mountain-dungeon	101033	300000
277	t4-striker-heavy-a-B1-s101033	breadth-t4-striker-heavy-a	B1	node-t4-mountain-dungeon	101033	300000
278	t4-squire-light-b-B2-s101033	breadth-t4-squire-light-b	B2	node-t4-graveyard-dungeon	101033	300000
279	t4-apprentice-balanced-b-F1-s101033	breadth-t4-apprentice-balanced-b	F1	node-t4-volcanic-01	101033	600000
280	t4-slinger-heavy-b-F2-s101033	breadth-t4-slinger-heavy-b	F2	node-t4-tundra-01	101033	600000
281	t4-conduit-light-c-B1-s101033	breadth-t4-conduit-light-c	B1	node-t4-mountain-dungeon	101033	300000
282	t4-spirit-balanced-c-B2-s101033	breadth-t4-spirit-balanced-c	B2	node-t4-graveyard-dungeon	101033	300000
283	t4-striker-heavy-a-B2-s101033	breadth-t4-striker-heavy-a	B2	node-t4-graveyard-dungeon	101033	300000
284	t4-squire-light-b-F1-s101033	breadth-t4-squire-light-b	F1	node-t4-volcanic-01	101033	600000
285	t4-apprentice-balanced-b-F2-s101033	breadth-t4-apprentice-balanced-b	F2	node-t4-tundra-01	101033	600000
286	t4-slinger-heavy-b-B1-s101033	breadth-t4-slinger-heavy-b	B1	node-t4-mountain-dungeon	101033	300000
287	t4-conduit-light-c-B2-s101033	breadth-t4-conduit-light-c	B2	node-t4-graveyard-dungeon	101033	300000
288	t4-spirit-balanced-c-F1-s101033	breadth-t4-spirit-balanced-c	F1	node-t4-volcanic-01	101033	600000
289	t4-striker-light-b-F1-s101033	breadth-t4-striker-light-b	F1	node-t4-volcanic-01	101033	600000
290	t4-squire-balanced-b-F2-s101033	breadth-t4-squire-balanced-b	F2	node-t4-tundra-01	101033	600000
291	t4-apprentice-heavy-b-B1-s101033	breadth-t4-apprentice-heavy-b	B1	node-t4-mountain-dungeon	101033	300000
292	t4-slinger-light-c-B2-s101033	breadth-t4-slinger-light-c	B2	node-t4-graveyard-dungeon	101033	300000
293	t4-conduit-balanced-c-F1-s101033	breadth-t4-conduit-balanced-c	F1	node-t4-volcanic-01	101033	600000
294	t4-spirit-heavy-c-F2-s101033	breadth-t4-spirit-heavy-c	F2	node-t4-tundra-01	101033	600000
295	t4-striker-light-b-F2-s101033	breadth-t4-striker-light-b	F2	node-t4-tundra-01	101033	600000
296	t4-squire-balanced-b-B1-s101033	breadth-t4-squire-balanced-b	B1	node-t4-mountain-dungeon	101033	300000
297	t4-apprentice-heavy-b-B2-s101033	breadth-t4-apprentice-heavy-b	B2	node-t4-graveyard-dungeon	101033	300000
298	t4-slinger-light-c-F1-s101033	breadth-t4-slinger-light-c	F1	node-t4-volcanic-01	101033	600000
299	t4-conduit-balanced-c-F2-s101033	breadth-t4-conduit-balanced-c	F2	node-t4-tundra-01	101033	600000
300	t4-spirit-heavy-c-B1-s101033	breadth-t4-spirit-heavy-c	B1	node-t4-mountain-dungeon	101033	300000
301	t4-striker-light-b-B1-s101033	breadth-t4-striker-light-b	B1	node-t4-mountain-dungeon	101033	300000
302	t4-squire-balanced-b-B2-s101033	breadth-t4-squire-balanced-b	B2	node-t4-graveyard-dungeon	101033	300000
303	t4-apprentice-heavy-b-F1-s101033	breadth-t4-apprentice-heavy-b	F1	node-t4-volcanic-01	101033	600000
304	t4-slinger-light-c-F2-s101033	breadth-t4-slinger-light-c	F2	node-t4-tundra-01	101033	600000
305	t4-conduit-balanced-c-B1-s101033	breadth-t4-conduit-balanced-c	B1	node-t4-mountain-dungeon	101033	300000
306	t4-spirit-heavy-c-B2-s101033	breadth-t4-spirit-heavy-c	B2	node-t4-graveyard-dungeon	101033	300000
307	t4-striker-light-b-B2-s101033	breadth-t4-striker-light-b	B2	node-t4-graveyard-dungeon	101033	300000
308	t4-squire-balanced-b-F1-s101033	breadth-t4-squire-balanced-b	F1	node-t4-volcanic-01	101033	600000
309	t4-apprentice-heavy-b-F2-s101033	breadth-t4-apprentice-heavy-b	F2	node-t4-tundra-01	101033	600000
310	t4-slinger-light-c-B1-s101033	breadth-t4-slinger-light-c	B1	node-t4-mountain-dungeon	101033	300000
311	t4-conduit-balanced-c-B2-s101033	breadth-t4-conduit-balanced-c	B2	node-t4-graveyard-dungeon	101033	300000
312	t4-spirit-heavy-c-F1-s101033	breadth-t4-spirit-heavy-c	F1	node-t4-volcanic-01	101033	600000
313	t4-striker-balanced-b-F1-s101033	breadth-t4-striker-balanced-b	F1	node-t4-volcanic-01	101033	600000
314	t4-squire-heavy-b-F2-s101033	breadth-t4-squire-heavy-b	F2	node-t4-tundra-01	101033	600000
315	t4-apprentice-light-c-B1-s101033	breadth-t4-apprentice-light-c	B1	node-t4-mountain-dungeon	101033	300000
316	t4-slinger-balanced-c-B2-s101033	breadth-t4-slinger-balanced-c	B2	node-t4-graveyard-dungeon	101033	300000
317	t4-conduit-heavy-c-F1-s101033	breadth-t4-conduit-heavy-c	F1	node-t4-volcanic-01	101033	600000
318	t4-spirit-light-a-F2-s101033	breadth-t4-spirit-light-a	F2	node-t4-tundra-01	101033	600000
319	t4-striker-balanced-b-F2-s101033	breadth-t4-striker-balanced-b	F2	node-t4-tundra-01	101033	600000
320	t4-squire-heavy-b-B1-s101033	breadth-t4-squire-heavy-b	B1	node-t4-mountain-dungeon	101033	300000
321	t4-apprentice-light-c-B2-s101033	breadth-t4-apprentice-light-c	B2	node-t4-graveyard-dungeon	101033	300000
322	t4-slinger-balanced-c-F1-s101033	breadth-t4-slinger-balanced-c	F1	node-t4-volcanic-01	101033	600000
323	t4-conduit-heavy-c-F2-s101033	breadth-t4-conduit-heavy-c	F2	node-t4-tundra-01	101033	600000
324	t4-spirit-light-a-B1-s101033	breadth-t4-spirit-light-a	B1	node-t4-mountain-dungeon	101033	300000
325	t4-striker-balanced-b-B1-s101033	breadth-t4-striker-balanced-b	B1	node-t4-mountain-dungeon	101033	300000
326	t4-squire-heavy-b-B2-s101033	breadth-t4-squire-heavy-b	B2	node-t4-graveyard-dungeon	101033	300000
327	t4-apprentice-light-c-F1-s101033	breadth-t4-apprentice-light-c	F1	node-t4-volcanic-01	101033	600000
328	t4-slinger-balanced-c-F2-s101033	breadth-t4-slinger-balanced-c	F2	node-t4-tundra-01	101033	600000
329	t4-conduit-heavy-c-B1-s101033	breadth-t4-conduit-heavy-c	B1	node-t4-mountain-dungeon	101033	300000
330	t4-spirit-light-a-B2-s101033	breadth-t4-spirit-light-a	B2	node-t4-graveyard-dungeon	101033	300000
331	t4-striker-balanced-b-B2-s101033	breadth-t4-striker-balanced-b	B2	node-t4-graveyard-dungeon	101033	300000
332	t4-squire-heavy-b-F1-s101033	breadth-t4-squire-heavy-b	F1	node-t4-volcanic-01	101033	600000
333	t4-apprentice-light-c-F2-s101033	breadth-t4-apprentice-light-c	F2	node-t4-tundra-01	101033	600000
334	t4-slinger-balanced-c-B1-s101033	breadth-t4-slinger-balanced-c	B1	node-t4-mountain-dungeon	101033	300000
335	t4-conduit-heavy-c-B2-s101033	breadth-t4-conduit-heavy-c	B2	node-t4-graveyard-dungeon	101033	300000
336	t4-spirit-light-a-F1-s101033	breadth-t4-spirit-light-a	F1	node-t4-volcanic-01	101033	600000
337	t4-striker-heavy-b-F1-s101033	breadth-t4-striker-heavy-b	F1	node-t4-volcanic-01	101033	600000
338	t4-squire-light-c-F2-s101033	breadth-t4-squire-light-c	F2	node-t4-tundra-01	101033	600000
339	t4-apprentice-balanced-c-B1-s101033	breadth-t4-apprentice-balanced-c	B1	node-t4-mountain-dungeon	101033	300000
340	t4-slinger-heavy-c-B2-s101033	breadth-t4-slinger-heavy-c	B2	node-t4-graveyard-dungeon	101033	300000
341	t4-conduit-light-a-F1-s101033	breadth-t4-conduit-light-a	F1	node-t4-volcanic-01	101033	600000
342	t4-spirit-balanced-a-F2-s101033	breadth-t4-spirit-balanced-a	F2	node-t4-tundra-01	101033	600000
343	t4-striker-heavy-b-F2-s101033	breadth-t4-striker-heavy-b	F2	node-t4-tundra-01	101033	600000
344	t4-squire-light-c-B1-s101033	breadth-t4-squire-light-c	B1	node-t4-mountain-dungeon	101033	300000
345	t4-apprentice-balanced-c-B2-s101033	breadth-t4-apprentice-balanced-c	B2	node-t4-graveyard-dungeon	101033	300000
346	t4-slinger-heavy-c-F1-s101033	breadth-t4-slinger-heavy-c	F1	node-t4-volcanic-01	101033	600000
347	t4-conduit-light-a-F2-s101033	breadth-t4-conduit-light-a	F2	node-t4-tundra-01	101033	600000
348	t4-spirit-balanced-a-B1-s101033	breadth-t4-spirit-balanced-a	B1	node-t4-mountain-dungeon	101033	300000
349	t4-striker-heavy-b-B1-s101033	breadth-t4-striker-heavy-b	B1	node-t4-mountain-dungeon	101033	300000
350	t4-squire-light-c-B2-s101033	breadth-t4-squire-light-c	B2	node-t4-graveyard-dungeon	101033	300000
351	t4-apprentice-balanced-c-F1-s101033	breadth-t4-apprentice-balanced-c	F1	node-t4-volcanic-01	101033	600000
352	t4-slinger-heavy-c-F2-s101033	breadth-t4-slinger-heavy-c	F2	node-t4-tundra-01	101033	600000
353	t4-conduit-light-a-B1-s101033	breadth-t4-conduit-light-a	B1	node-t4-mountain-dungeon	101033	300000
354	t4-spirit-balanced-a-B2-s101033	breadth-t4-spirit-balanced-a	B2	node-t4-graveyard-dungeon	101033	300000
355	t4-striker-heavy-b-B2-s101033	breadth-t4-striker-heavy-b	B2	node-t4-graveyard-dungeon	101033	300000
356	t4-squire-light-c-F1-s101033	breadth-t4-squire-light-c	F1	node-t4-volcanic-01	101033	600000
357	t4-apprentice-balanced-c-F2-s101033	breadth-t4-apprentice-balanced-c	F2	node-t4-tundra-01	101033	600000
358	t4-slinger-heavy-c-B1-s101033	breadth-t4-slinger-heavy-c	B1	node-t4-mountain-dungeon	101033	300000
359	t4-conduit-light-a-B2-s101033	breadth-t4-conduit-light-a	B2	node-t4-graveyard-dungeon	101033	300000
360	t4-spirit-balanced-a-F1-s101033	breadth-t4-spirit-balanced-a	F1	node-t4-volcanic-01	101033	600000
361	t4-striker-light-c-F1-s101033	breadth-t4-striker-light-c	F1	node-t4-volcanic-01	101033	600000
362	t4-squire-balanced-c-F2-s101033	breadth-t4-squire-balanced-c	F2	node-t4-tundra-01	101033	600000
363	t4-apprentice-heavy-c-B1-s101033	breadth-t4-apprentice-heavy-c	B1	node-t4-mountain-dungeon	101033	300000
364	t4-slinger-light-a-B2-s101033	breadth-t4-slinger-light-a	B2	node-t4-graveyard-dungeon	101033	300000
365	t4-conduit-balanced-a-F1-s101033	breadth-t4-conduit-balanced-a	F1	node-t4-volcanic-01	101033	600000
366	t4-spirit-heavy-a-F2-s101033	breadth-t4-spirit-heavy-a	F2	node-t4-tundra-01	101033	600000
367	t4-striker-light-c-F2-s101033	breadth-t4-striker-light-c	F2	node-t4-tundra-01	101033	600000
368	t4-squire-balanced-c-B1-s101033	breadth-t4-squire-balanced-c	B1	node-t4-mountain-dungeon	101033	300000
369	t4-apprentice-heavy-c-B2-s101033	breadth-t4-apprentice-heavy-c	B2	node-t4-graveyard-dungeon	101033	300000
370	t4-slinger-light-a-F1-s101033	breadth-t4-slinger-light-a	F1	node-t4-volcanic-01	101033	600000
371	t4-conduit-balanced-a-F2-s101033	breadth-t4-conduit-balanced-a	F2	node-t4-tundra-01	101033	600000
372	t4-spirit-heavy-a-B1-s101033	breadth-t4-spirit-heavy-a	B1	node-t4-mountain-dungeon	101033	300000
373	t4-striker-light-c-B1-s101033	breadth-t4-striker-light-c	B1	node-t4-mountain-dungeon	101033	300000
374	t4-squire-balanced-c-B2-s101033	breadth-t4-squire-balanced-c	B2	node-t4-graveyard-dungeon	101033	300000
375	t4-apprentice-heavy-c-F1-s101033	breadth-t4-apprentice-heavy-c	F1	node-t4-volcanic-01	101033	600000
376	t4-slinger-light-a-F2-s101033	breadth-t4-slinger-light-a	F2	node-t4-tundra-01	101033	600000
377	t4-conduit-balanced-a-B1-s101033	breadth-t4-conduit-balanced-a	B1	node-t4-mountain-dungeon	101033	300000
378	t4-spirit-heavy-a-B2-s101033	breadth-t4-spirit-heavy-a	B2	node-t4-graveyard-dungeon	101033	300000
379	t4-striker-light-c-B2-s101033	breadth-t4-striker-light-c	B2	node-t4-graveyard-dungeon	101033	300000
380	t4-squire-balanced-c-F1-s101033	breadth-t4-squire-balanced-c	F1	node-t4-volcanic-01	101033	600000
381	t4-apprentice-heavy-c-F2-s101033	breadth-t4-apprentice-heavy-c	F2	node-t4-tundra-01	101033	600000
382	t4-slinger-light-a-B1-s101033	breadth-t4-slinger-light-a	B1	node-t4-mountain-dungeon	101033	300000
383	t4-conduit-balanced-a-B2-s101033	breadth-t4-conduit-balanced-a	B2	node-t4-graveyard-dungeon	101033	300000
384	t4-spirit-heavy-a-F1-s101033	breadth-t4-spirit-heavy-a	F1	node-t4-volcanic-01	101033	600000
385	t4-striker-balanced-c-F1-s101033	breadth-t4-striker-balanced-c	F1	node-t4-volcanic-01	101033	600000
386	t4-squire-heavy-c-F2-s101033	breadth-t4-squire-heavy-c	F2	node-t4-tundra-01	101033	600000
387	t4-apprentice-light-a-B1-s101033	breadth-t4-apprentice-light-a	B1	node-t4-mountain-dungeon	101033	300000
388	t4-slinger-balanced-a-B2-s101033	breadth-t4-slinger-balanced-a	B2	node-t4-graveyard-dungeon	101033	300000
389	t4-conduit-heavy-a-F1-s101033	breadth-t4-conduit-heavy-a	F1	node-t4-volcanic-01	101033	600000
390	t4-spirit-light-b-F2-s101033	breadth-t4-spirit-light-b	F2	node-t4-tundra-01	101033	600000
391	t4-striker-balanced-c-F2-s101033	breadth-t4-striker-balanced-c	F2	node-t4-tundra-01	101033	600000
392	t4-squire-heavy-c-B1-s101033	breadth-t4-squire-heavy-c	B1	node-t4-mountain-dungeon	101033	300000
393	t4-apprentice-light-a-B2-s101033	breadth-t4-apprentice-light-a	B2	node-t4-graveyard-dungeon	101033	300000
394	t4-slinger-balanced-a-F1-s101033	breadth-t4-slinger-balanced-a	F1	node-t4-volcanic-01	101033	600000
395	t4-conduit-heavy-a-F2-s101033	breadth-t4-conduit-heavy-a	F2	node-t4-tundra-01	101033	600000
396	t4-spirit-light-b-B1-s101033	breadth-t4-spirit-light-b	B1	node-t4-mountain-dungeon	101033	300000
397	t4-striker-balanced-c-B1-s101033	breadth-t4-striker-balanced-c	B1	node-t4-mountain-dungeon	101033	300000
398	t4-squire-heavy-c-B2-s101033	breadth-t4-squire-heavy-c	B2	node-t4-graveyard-dungeon	101033	300000
399	t4-apprentice-light-a-F1-s101033	breadth-t4-apprentice-light-a	F1	node-t4-volcanic-01	101033	600000
400	t4-slinger-balanced-a-F2-s101033	breadth-t4-slinger-balanced-a	F2	node-t4-tundra-01	101033	600000
401	t4-conduit-heavy-a-B1-s101033	breadth-t4-conduit-heavy-a	B1	node-t4-mountain-dungeon	101033	300000
402	t4-spirit-light-b-B2-s101033	breadth-t4-spirit-light-b	B2	node-t4-graveyard-dungeon	101033	300000
403	t4-striker-balanced-c-B2-s101033	breadth-t4-striker-balanced-c	B2	node-t4-graveyard-dungeon	101033	300000
404	t4-squire-heavy-c-F1-s101033	breadth-t4-squire-heavy-c	F1	node-t4-volcanic-01	101033	600000
405	t4-apprentice-light-a-F2-s101033	breadth-t4-apprentice-light-a	F2	node-t4-tundra-01	101033	600000
406	t4-slinger-balanced-a-B1-s101033	breadth-t4-slinger-balanced-a	B1	node-t4-mountain-dungeon	101033	300000
407	t4-conduit-heavy-a-B2-s101033	breadth-t4-conduit-heavy-a	B2	node-t4-graveyard-dungeon	101033	300000
408	t4-spirit-light-b-F1-s101033	breadth-t4-spirit-light-b	F1	node-t4-volcanic-01	101033	600000
409	t4-striker-heavy-c-F1-s101033	breadth-t4-striker-heavy-c	F1	node-t4-volcanic-01	101033	600000
410	t4-squire-light-a-F2-s101033	breadth-t4-squire-light-a	F2	node-t4-tundra-01	101033	600000
411	t4-apprentice-balanced-a-B1-s101033	breadth-t4-apprentice-balanced-a	B1	node-t4-mountain-dungeon	101033	300000
412	t4-slinger-heavy-a-B2-s101033	breadth-t4-slinger-heavy-a	B2	node-t4-graveyard-dungeon	101033	300000
413	t4-conduit-light-b-F1-s101033	breadth-t4-conduit-light-b	F1	node-t4-volcanic-01	101033	600000
414	t4-spirit-balanced-b-F2-s101033	breadth-t4-spirit-balanced-b	F2	node-t4-tundra-01	101033	600000
415	t4-striker-heavy-c-F2-s101033	breadth-t4-striker-heavy-c	F2	node-t4-tundra-01	101033	600000
416	t4-squire-light-a-B1-s101033	breadth-t4-squire-light-a	B1	node-t4-mountain-dungeon	101033	300000
417	t4-apprentice-balanced-a-B2-s101033	breadth-t4-apprentice-balanced-a	B2	node-t4-graveyard-dungeon	101033	300000
418	t4-slinger-heavy-a-F1-s101033	breadth-t4-slinger-heavy-a	F1	node-t4-volcanic-01	101033	600000
419	t4-conduit-light-b-F2-s101033	breadth-t4-conduit-light-b	F2	node-t4-tundra-01	101033	600000
420	t4-spirit-balanced-b-B1-s101033	breadth-t4-spirit-balanced-b	B1	node-t4-mountain-dungeon	101033	300000
421	t4-striker-heavy-c-B1-s101033	breadth-t4-striker-heavy-c	B1	node-t4-mountain-dungeon	101033	300000
422	t4-squire-light-a-B2-s101033	breadth-t4-squire-light-a	B2	node-t4-graveyard-dungeon	101033	300000
423	t4-apprentice-balanced-a-F1-s101033	breadth-t4-apprentice-balanced-a	F1	node-t4-volcanic-01	101033	600000
424	t4-slinger-heavy-a-F2-s101033	breadth-t4-slinger-heavy-a	F2	node-t4-tundra-01	101033	600000
425	t4-conduit-light-b-B1-s101033	breadth-t4-conduit-light-b	B1	node-t4-mountain-dungeon	101033	300000
426	t4-spirit-balanced-b-B2-s101033	breadth-t4-spirit-balanced-b	B2	node-t4-graveyard-dungeon	101033	300000
427	t4-striker-heavy-c-B2-s101033	breadth-t4-striker-heavy-c	B2	node-t4-graveyard-dungeon	101033	300000
428	t4-squire-light-a-F1-s101033	breadth-t4-squire-light-a	F1	node-t4-volcanic-01	101033	600000
429	t4-apprentice-balanced-a-F2-s101033	breadth-t4-apprentice-balanced-a	F2	node-t4-tundra-01	101033	600000
430	t4-slinger-heavy-a-B1-s101033	breadth-t4-slinger-heavy-a	B1	node-t4-mountain-dungeon	101033	300000
431	t4-conduit-light-b-B2-s101033	breadth-t4-conduit-light-b	B2	node-t4-graveyard-dungeon	101033	300000
432	t4-spirit-balanced-b-F1-s101033	breadth-t4-spirit-balanced-b	F1	node-t4-volcanic-01	101033	600000
