order	allocation	pathId	path	context	seed	capMs	observationId
1	primary	cadence-light-t3-a	Shockblade	V	101009	1200000	closing-striker-light-a-V-s101009
2	primary	cooldown-balanced-t3-a	Reverb	D	101009	1200000	closing-squire-balanced-a-D-s101009
3	primary	dot-heavy-t3-a	Icebreaker	V	101009	1200000	closing-apprentice-heavy-a-V-s101009
4	primary	reload-light-t3-b	Desperado	D	101009	1200000	closing-slinger-light-b-D-s101009
5	primary	summoner-balanced-t3-b	Chorister	V	101009	1200000	closing-conduit-balanced-b-V-s101009
6	primary	energy-heavy-t3-b	Invoker	D	101009	1200000	closing-spirit-heavy-b-D-s101009
7	primary	cadence-balanced-t3-a	Maestro	T	101009	1200000	closing-striker-balanced-a-T-s101009
8	primary	cooldown-heavy-t3-a	Avenger	M	101009	300000	closing-squire-heavy-a-M-s101009
9	primary	dot-light-t3-b	Cultist	T	101009	1200000	closing-apprentice-light-b-T-s101009
10	primary	reload-balanced-t3-b	Blunderbuss	M	101009	300000	closing-slinger-balanced-b-M-s101009
11	primary	summoner-heavy-t3-b	Champion	T	101009	1200000	closing-conduit-heavy-b-T-s101009
12	primary	energy-light-t3-c	Channeler	M	101009	300000	closing-spirit-light-c-M-s101009
13	primary	cadence-heavy-t3-a	Berserker	D	101009	1200000	closing-striker-heavy-a-D-s101009
14	primary	cooldown-light-t3-b	Transcendant	V	101009	1200000	closing-squire-light-b-V-s101009
15	primary	dot-balanced-t3-b	Firebrand	D	101009	1200000	closing-apprentice-balanced-b-D-s101009
16	primary	reload-heavy-t3-b	Warmonger	V	101009	1200000	closing-slinger-heavy-b-V-s101009
17	primary	summoner-light-t3-c	Iconoclast	D	101009	1200000	closing-conduit-light-c-D-s101009
18	primary	energy-balanced-t3-c	Aetherist	V	101009	1200000	closing-spirit-balanced-c-V-s101009
19	primary	cadence-light-t3-b	Scrapper	M	101009	300000	closing-striker-light-b-M-s101009
20	primary	cooldown-balanced-t3-b	Dynamo	T	101009	1200000	closing-squire-balanced-b-T-s101009
21	primary	dot-heavy-t3-b	Winter Warden	M	101009	300000	closing-apprentice-heavy-b-M-s101009
22	primary	reload-light-t3-c	Sniper	T	101009	1200000	closing-slinger-light-c-T-s101009
23	primary	summoner-balanced-t3-c	Ritualist	M	101009	300000	closing-conduit-balanced-c-M-s101009
24	primary	energy-heavy-t3-c	Tempest	T	101009	1200000	closing-spirit-heavy-c-T-s101009
25	primary	cadence-balanced-t3-b	Wavecrest	V	101009	1200000	closing-striker-balanced-b-V-s101009
26	primary	cooldown-heavy-t3-b	Destroyer	D	101009	1200000	closing-squire-heavy-b-D-s101009
27	primary	dot-light-t3-c	Zealot	V	101009	1200000	closing-apprentice-light-c-V-s101009
28	primary	reload-balanced-t3-c	Dualslinger	D	101009	1200000	closing-slinger-balanced-c-D-s101009
29	primary	summoner-heavy-t3-c	Idolwright	V	101009	1200000	closing-conduit-heavy-c-V-s101009
30	primary	energy-light-t3-a	Stormdancer	T	101009	1200000	closing-spirit-light-a-T-s101009
31	primary	cadence-heavy-t3-b	Hemomancer	T	101009	1200000	closing-striker-heavy-b-T-s101009
32	primary	cooldown-light-t3-c	Sunderer	M	101009	300000	closing-squire-light-c-M-s101009
33	primary	dot-balanced-t3-c	Cinder Lord	T	101009	1200000	closing-apprentice-balanced-c-T-s101009
34	primary	reload-heavy-t3-c	Cannoneer	M	101009	300000	closing-slinger-heavy-c-M-s101009
35	primary	summoner-light-t3-a	Inquisitor	V	101009	1200000	closing-conduit-light-a-V-s101009
36	primary	energy-balanced-t3-a	Equinox	D	101009	1200000	closing-spirit-balanced-a-D-s101009
37	primary	cadence-light-t3-c	Swiftblade	D	101009	1200000	closing-striker-light-c-D-s101009
38	primary	cooldown-balanced-t3-c	Stalwart	V	101009	1200000	closing-squire-balanced-c-V-s101009
39	primary	dot-heavy-t3-c	Wind Spirit	D	101009	1200000	closing-apprentice-heavy-c-D-s101009
40	primary	reload-light-t3-a	Duelist	M	101009	300000	closing-slinger-light-a-M-s101009
41	primary	summoner-balanced-t3-a	Marshal	T	101009	1200000	closing-conduit-balanced-a-T-s101009
42	primary	energy-heavy-t3-a	Voidwalker	M	101009	300000	closing-spirit-heavy-a-M-s101009
43	primary	cadence-balanced-t3-c	Justicar	M	101009	300000	closing-striker-balanced-c-M-s101009
44	primary	cooldown-heavy-t3-c	Devout Priest	T	101009	1200000	closing-squire-heavy-c-T-s101009
45	primary	dot-light-t3-a	Venomslinger	D	101009	1200000	closing-apprentice-light-a-D-s101009
46	primary	reload-balanced-t3-a	Bounty hunter	V	101009	1200000	closing-slinger-balanced-a-V-s101009
47	primary	summoner-heavy-t3-a	Covenanter	D	101009	1200000	closing-conduit-heavy-a-D-s101009
48	primary	energy-light-t3-b	Surge	V	101009	1200000	closing-spirit-light-b-V-s101009
49	primary	cadence-heavy-t3-c	Juggernaut	V	101009	1200000	closing-striker-heavy-c-V-s101009
50	primary	cooldown-light-t3-a	Assassin	T	101009	1200000	closing-squire-light-a-T-s101009
51	primary	dot-balanced-t3-a	Pyromancer	M	101009	300000	closing-apprentice-balanced-a-M-s101009
52	primary	reload-heavy-t3-a	Melter	T	101009	1200000	closing-slinger-heavy-a-T-s101009
53	primary	summoner-light-t3-b	Kilnmaster	M	101009	300000	closing-conduit-light-b-M-s101009
54	primary	energy-balanced-t3-b	Stormbringer	T	101009	1200000	closing-spirit-balanced-b-T-s101009
55	primary	cadence-light-t3-a	Shockblade	T	101009	1200000	closing-striker-light-a-T-s101009
56	primary	cooldown-balanced-t3-a	Reverb	M	101009	300000	closing-squire-balanced-a-M-s101009
57	primary	dot-heavy-t3-a	Icebreaker	T	101009	1200000	closing-apprentice-heavy-a-T-s101009
58	primary	reload-light-t3-b	Desperado	M	101009	300000	closing-slinger-light-b-M-s101009
59	primary	summoner-balanced-t3-b	Chorister	T	101009	1200000	closing-conduit-balanced-b-T-s101009
60	primary	energy-heavy-t3-b	Invoker	M	101009	300000	closing-spirit-heavy-b-M-s101009
61	primary	cadence-balanced-t3-a	Maestro	D	101009	1200000	closing-striker-balanced-a-D-s101009
62	primary	cooldown-heavy-t3-a	Avenger	V	101009	1200000	closing-squire-heavy-a-V-s101009
63	primary	dot-light-t3-b	Cultist	D	101009	1200000	closing-apprentice-light-b-D-s101009
64	primary	reload-balanced-t3-b	Blunderbuss	V	101009	1200000	closing-slinger-balanced-b-V-s101009
65	primary	summoner-heavy-t3-b	Champion	D	101009	1200000	closing-conduit-heavy-b-D-s101009
66	primary	energy-light-t3-c	Channeler	V	101009	1200000	closing-spirit-light-c-V-s101009
67	primary	cadence-heavy-t3-a	Berserker	M	101009	300000	closing-striker-heavy-a-M-s101009
68	primary	cooldown-light-t3-b	Transcendant	T	101009	1200000	closing-squire-light-b-T-s101009
69	primary	dot-balanced-t3-b	Firebrand	M	101009	300000	closing-apprentice-balanced-b-M-s101009
70	primary	reload-heavy-t3-b	Warmonger	T	101009	1200000	closing-slinger-heavy-b-T-s101009
71	primary	summoner-light-t3-c	Iconoclast	M	101009	300000	closing-conduit-light-c-M-s101009
72	primary	energy-balanced-t3-c	Aetherist	T	101009	1200000	closing-spirit-balanced-c-T-s101009
73	primary	cadence-light-t3-b	Scrapper	V	101009	1200000	closing-striker-light-b-V-s101009
74	primary	cooldown-balanced-t3-b	Dynamo	D	101009	1200000	closing-squire-balanced-b-D-s101009
75	primary	dot-heavy-t3-b	Winter Warden	V	101009	1200000	closing-apprentice-heavy-b-V-s101009
76	primary	reload-light-t3-c	Sniper	D	101009	1200000	closing-slinger-light-c-D-s101009
77	primary	summoner-balanced-t3-c	Ritualist	V	101009	1200000	closing-conduit-balanced-c-V-s101009
78	primary	energy-heavy-t3-c	Tempest	D	101009	1200000	closing-spirit-heavy-c-D-s101009
79	primary	cadence-balanced-t3-b	Wavecrest	T	101009	1200000	closing-striker-balanced-b-T-s101009
80	primary	cooldown-heavy-t3-b	Destroyer	M	101009	300000	closing-squire-heavy-b-M-s101009
81	primary	dot-light-t3-c	Zealot	T	101009	1200000	closing-apprentice-light-c-T-s101009
82	primary	reload-balanced-t3-c	Dualslinger	M	101009	300000	closing-slinger-balanced-c-M-s101009
83	primary	summoner-heavy-t3-c	Idolwright	T	101009	1200000	closing-conduit-heavy-c-T-s101009
84	primary	energy-light-t3-a	Stormdancer	D	101009	1200000	closing-spirit-light-a-D-s101009
85	primary	cadence-heavy-t3-b	Hemomancer	D	101009	1200000	closing-striker-heavy-b-D-s101009
86	primary	cooldown-light-t3-c	Sunderer	V	101009	1200000	closing-squire-light-c-V-s101009
87	primary	dot-balanced-t3-c	Cinder Lord	D	101009	1200000	closing-apprentice-balanced-c-D-s101009
88	primary	reload-heavy-t3-c	Cannoneer	V	101009	1200000	closing-slinger-heavy-c-V-s101009
89	primary	summoner-light-t3-a	Inquisitor	T	101009	1200000	closing-conduit-light-a-T-s101009
90	primary	energy-balanced-t3-a	Equinox	M	101009	300000	closing-spirit-balanced-a-M-s101009
91	primary	cadence-light-t3-c	Swiftblade	M	101009	300000	closing-striker-light-c-M-s101009
92	primary	cooldown-balanced-t3-c	Stalwart	T	101009	1200000	closing-squire-balanced-c-T-s101009
93	primary	dot-heavy-t3-c	Wind Spirit	M	101009	300000	closing-apprentice-heavy-c-M-s101009
94	primary	reload-light-t3-a	Duelist	V	101009	1200000	closing-slinger-light-a-V-s101009
95	primary	summoner-balanced-t3-a	Marshal	D	101009	1200000	closing-conduit-balanced-a-D-s101009
96	primary	energy-heavy-t3-a	Voidwalker	V	101009	1200000	closing-spirit-heavy-a-V-s101009
97	primary	cadence-balanced-t3-c	Justicar	V	101009	1200000	closing-striker-balanced-c-V-s101009
98	primary	cooldown-heavy-t3-c	Devout Priest	D	101009	1200000	closing-squire-heavy-c-D-s101009
99	primary	dot-light-t3-a	Venomslinger	M	101009	300000	closing-apprentice-light-a-M-s101009
100	primary	reload-balanced-t3-a	Bounty hunter	T	101009	1200000	closing-slinger-balanced-a-T-s101009
101	primary	summoner-heavy-t3-a	Covenanter	M	101009	300000	closing-conduit-heavy-a-M-s101009
102	primary	energy-light-t3-b	Surge	T	101009	1200000	closing-spirit-light-b-T-s101009
103	primary	cadence-heavy-t3-c	Juggernaut	T	101009	1200000	closing-striker-heavy-c-T-s101009
104	primary	cooldown-light-t3-a	Assassin	D	101009	1200000	closing-squire-light-a-D-s101009
105	primary	dot-balanced-t3-a	Pyromancer	V	101009	1200000	closing-apprentice-balanced-a-V-s101009
106	primary	reload-heavy-t3-a	Melter	D	101009	1200000	closing-slinger-heavy-a-D-s101009
107	primary	summoner-light-t3-b	Kilnmaster	V	101009	1200000	closing-conduit-light-b-V-s101009
108	primary	energy-balanced-t3-b	Stormbringer	D	101009	1200000	closing-spirit-balanced-b-D-s101009
109	primary	cadence-light-t3-a	Shockblade	D	101009	1200000	closing-striker-light-a-D-s101009
110	primary	cooldown-balanced-t3-a	Reverb	V	101009	1200000	closing-squire-balanced-a-V-s101009
111	primary	dot-heavy-t3-a	Icebreaker	D	101009	1200000	closing-apprentice-heavy-a-D-s101009
112	primary	reload-light-t3-b	Desperado	V	101009	1200000	closing-slinger-light-b-V-s101009
113	primary	summoner-balanced-t3-b	Chorister	D	101009	1200000	closing-conduit-balanced-b-D-s101009
114	primary	energy-heavy-t3-b	Invoker	V	101009	1200000	closing-spirit-heavy-b-V-s101009
115	primary	cadence-balanced-t3-a	Maestro	M	101009	300000	closing-striker-balanced-a-M-s101009
116	primary	cooldown-heavy-t3-a	Avenger	T	101009	1200000	closing-squire-heavy-a-T-s101009
117	primary	dot-light-t3-b	Cultist	M	101009	300000	closing-apprentice-light-b-M-s101009
118	primary	reload-balanced-t3-b	Blunderbuss	T	101009	1200000	closing-slinger-balanced-b-T-s101009
119	primary	summoner-heavy-t3-b	Champion	M	101009	300000	closing-conduit-heavy-b-M-s101009
120	primary	energy-light-t3-c	Channeler	T	101009	1200000	closing-spirit-light-c-T-s101009
121	primary	cadence-heavy-t3-a	Berserker	V	101009	1200000	closing-striker-heavy-a-V-s101009
122	primary	cooldown-light-t3-b	Transcendant	D	101009	1200000	closing-squire-light-b-D-s101009
123	primary	dot-balanced-t3-b	Firebrand	V	101009	1200000	closing-apprentice-balanced-b-V-s101009
124	primary	reload-heavy-t3-b	Warmonger	D	101009	1200000	closing-slinger-heavy-b-D-s101009
125	primary	summoner-light-t3-c	Iconoclast	V	101009	1200000	closing-conduit-light-c-V-s101009
126	primary	energy-balanced-t3-c	Aetherist	D	101009	1200000	closing-spirit-balanced-c-D-s101009
127	primary	cadence-light-t3-b	Scrapper	T	101009	1200000	closing-striker-light-b-T-s101009
128	primary	cooldown-balanced-t3-b	Dynamo	M	101009	300000	closing-squire-balanced-b-M-s101009
129	primary	dot-heavy-t3-b	Winter Warden	T	101009	1200000	closing-apprentice-heavy-b-T-s101009
130	primary	reload-light-t3-c	Sniper	M	101009	300000	closing-slinger-light-c-M-s101009
131	primary	summoner-balanced-t3-c	Ritualist	T	101009	1200000	closing-conduit-balanced-c-T-s101009
132	primary	energy-heavy-t3-c	Tempest	M	101009	300000	closing-spirit-heavy-c-M-s101009
133	primary	cadence-balanced-t3-b	Wavecrest	D	101009	1200000	closing-striker-balanced-b-D-s101009
134	primary	cooldown-heavy-t3-b	Destroyer	V	101009	1200000	closing-squire-heavy-b-V-s101009
135	primary	dot-light-t3-c	Zealot	D	101009	1200000	closing-apprentice-light-c-D-s101009
136	primary	reload-balanced-t3-c	Dualslinger	V	101009	1200000	closing-slinger-balanced-c-V-s101009
137	primary	summoner-heavy-t3-c	Idolwright	D	101009	1200000	closing-conduit-heavy-c-D-s101009
138	primary	energy-light-t3-a	Stormdancer	M	101009	300000	closing-spirit-light-a-M-s101009
139	primary	cadence-heavy-t3-b	Hemomancer	M	101009	300000	closing-striker-heavy-b-M-s101009
140	primary	cooldown-light-t3-c	Sunderer	T	101009	1200000	closing-squire-light-c-T-s101009
141	primary	dot-balanced-t3-c	Cinder Lord	M	101009	300000	closing-apprentice-balanced-c-M-s101009
142	primary	reload-heavy-t3-c	Cannoneer	T	101009	1200000	closing-slinger-heavy-c-T-s101009
143	primary	summoner-light-t3-a	Inquisitor	D	101009	1200000	closing-conduit-light-a-D-s101009
144	primary	energy-balanced-t3-a	Equinox	V	101009	1200000	closing-spirit-balanced-a-V-s101009
145	primary	cadence-light-t3-c	Swiftblade	V	101009	1200000	closing-striker-light-c-V-s101009
146	primary	cooldown-balanced-t3-c	Stalwart	D	101009	1200000	closing-squire-balanced-c-D-s101009
147	primary	dot-heavy-t3-c	Wind Spirit	V	101009	1200000	closing-apprentice-heavy-c-V-s101009
148	primary	reload-light-t3-a	Duelist	T	101009	1200000	closing-slinger-light-a-T-s101009
149	primary	summoner-balanced-t3-a	Marshal	M	101009	300000	closing-conduit-balanced-a-M-s101009
150	primary	energy-heavy-t3-a	Voidwalker	T	101009	1200000	closing-spirit-heavy-a-T-s101009
151	primary	cadence-balanced-t3-c	Justicar	T	101009	1200000	closing-striker-balanced-c-T-s101009
152	primary	cooldown-heavy-t3-c	Devout Priest	M	101009	300000	closing-squire-heavy-c-M-s101009
153	primary	dot-light-t3-a	Venomslinger	V	101009	1200000	closing-apprentice-light-a-V-s101009
154	primary	reload-balanced-t3-a	Bounty hunter	D	101009	1200000	closing-slinger-balanced-a-D-s101009
155	primary	summoner-heavy-t3-a	Covenanter	V	101009	1200000	closing-conduit-heavy-a-V-s101009
156	primary	energy-light-t3-b	Surge	D	101009	1200000	closing-spirit-light-b-D-s101009
157	primary	cadence-heavy-t3-c	Juggernaut	D	101009	1200000	closing-striker-heavy-c-D-s101009
158	primary	cooldown-light-t3-a	Assassin	M	101009	300000	closing-squire-light-a-M-s101009
159	primary	dot-balanced-t3-a	Pyromancer	T	101009	1200000	closing-apprentice-balanced-a-T-s101009
160	primary	reload-heavy-t3-a	Melter	M	101009	300000	closing-slinger-heavy-a-M-s101009
161	primary	summoner-light-t3-b	Kilnmaster	T	101009	1200000	closing-conduit-light-b-T-s101009
162	primary	energy-balanced-t3-b	Stormbringer	M	101009	300000	closing-spirit-balanced-b-M-s101009
163	primary	cadence-light-t3-a	Shockblade	M	101009	300000	closing-striker-light-a-M-s101009
164	primary	cooldown-balanced-t3-a	Reverb	T	101009	1200000	closing-squire-balanced-a-T-s101009
165	primary	dot-heavy-t3-a	Icebreaker	M	101009	300000	closing-apprentice-heavy-a-M-s101009
166	primary	reload-light-t3-b	Desperado	T	101009	1200000	closing-slinger-light-b-T-s101009
167	primary	summoner-balanced-t3-b	Chorister	M	101009	300000	closing-conduit-balanced-b-M-s101009
168	primary	energy-heavy-t3-b	Invoker	T	101009	1200000	closing-spirit-heavy-b-T-s101009
169	primary	cadence-balanced-t3-a	Maestro	V	101009	1200000	closing-striker-balanced-a-V-s101009
170	primary	cooldown-heavy-t3-a	Avenger	D	101009	1200000	closing-squire-heavy-a-D-s101009
171	primary	dot-light-t3-b	Cultist	V	101009	1200000	closing-apprentice-light-b-V-s101009
172	primary	reload-balanced-t3-b	Blunderbuss	D	101009	1200000	closing-slinger-balanced-b-D-s101009
173	primary	summoner-heavy-t3-b	Champion	V	101009	1200000	closing-conduit-heavy-b-V-s101009
174	primary	energy-light-t3-c	Channeler	D	101009	1200000	closing-spirit-light-c-D-s101009
175	primary	cadence-heavy-t3-a	Berserker	T	101009	1200000	closing-striker-heavy-a-T-s101009
176	primary	cooldown-light-t3-b	Transcendant	M	101009	300000	closing-squire-light-b-M-s101009
177	primary	dot-balanced-t3-b	Firebrand	T	101009	1200000	closing-apprentice-balanced-b-T-s101009
178	primary	reload-heavy-t3-b	Warmonger	M	101009	300000	closing-slinger-heavy-b-M-s101009
179	primary	summoner-light-t3-c	Iconoclast	T	101009	1200000	closing-conduit-light-c-T-s101009
180	primary	energy-balanced-t3-c	Aetherist	M	101009	300000	closing-spirit-balanced-c-M-s101009
181	primary	cadence-light-t3-b	Scrapper	D	101009	1200000	closing-striker-light-b-D-s101009
182	primary	cooldown-balanced-t3-b	Dynamo	V	101009	1200000	closing-squire-balanced-b-V-s101009
183	primary	dot-heavy-t3-b	Winter Warden	D	101009	1200000	closing-apprentice-heavy-b-D-s101009
184	primary	reload-light-t3-c	Sniper	V	101009	1200000	closing-slinger-light-c-V-s101009
185	primary	summoner-balanced-t3-c	Ritualist	D	101009	1200000	closing-conduit-balanced-c-D-s101009
186	primary	energy-heavy-t3-c	Tempest	V	101009	1200000	closing-spirit-heavy-c-V-s101009
187	primary	cadence-balanced-t3-b	Wavecrest	M	101009	300000	closing-striker-balanced-b-M-s101009
188	primary	cooldown-heavy-t3-b	Destroyer	T	101009	1200000	closing-squire-heavy-b-T-s101009
189	primary	dot-light-t3-c	Zealot	M	101009	300000	closing-apprentice-light-c-M-s101009
190	primary	reload-balanced-t3-c	Dualslinger	T	101009	1200000	closing-slinger-balanced-c-T-s101009
191	primary	summoner-heavy-t3-c	Idolwright	M	101009	300000	closing-conduit-heavy-c-M-s101009
192	primary	energy-light-t3-a	Stormdancer	V	101009	1200000	closing-spirit-light-a-V-s101009
193	primary	cadence-heavy-t3-b	Hemomancer	V	101009	1200000	closing-striker-heavy-b-V-s101009
194	primary	cooldown-light-t3-c	Sunderer	D	101009	1200000	closing-squire-light-c-D-s101009
195	primary	dot-balanced-t3-c	Cinder Lord	V	101009	1200000	closing-apprentice-balanced-c-V-s101009
196	primary	reload-heavy-t3-c	Cannoneer	D	101009	1200000	closing-slinger-heavy-c-D-s101009
197	primary	summoner-light-t3-a	Inquisitor	M	101009	300000	closing-conduit-light-a-M-s101009
198	primary	energy-balanced-t3-a	Equinox	T	101009	1200000	closing-spirit-balanced-a-T-s101009
199	primary	cadence-light-t3-c	Swiftblade	T	101009	1200000	closing-striker-light-c-T-s101009
200	primary	cooldown-balanced-t3-c	Stalwart	M	101009	300000	closing-squire-balanced-c-M-s101009
201	primary	dot-heavy-t3-c	Wind Spirit	T	101009	1200000	closing-apprentice-heavy-c-T-s101009
202	primary	reload-light-t3-a	Duelist	D	101009	1200000	closing-slinger-light-a-D-s101009
203	primary	summoner-balanced-t3-a	Marshal	V	101009	1200000	closing-conduit-balanced-a-V-s101009
204	primary	energy-heavy-t3-a	Voidwalker	D	101009	1200000	closing-spirit-heavy-a-D-s101009
205	primary	cadence-balanced-t3-c	Justicar	D	101009	1200000	closing-striker-balanced-c-D-s101009
206	primary	cooldown-heavy-t3-c	Devout Priest	V	101009	1200000	closing-squire-heavy-c-V-s101009
207	primary	dot-light-t3-a	Venomslinger	T	101009	1200000	closing-apprentice-light-a-T-s101009
208	primary	reload-balanced-t3-a	Bounty hunter	M	101009	300000	closing-slinger-balanced-a-M-s101009
209	primary	summoner-heavy-t3-a	Covenanter	T	101009	1200000	closing-conduit-heavy-a-T-s101009
210	primary	energy-light-t3-b	Surge	M	101009	300000	closing-spirit-light-b-M-s101009
211	primary	cadence-heavy-t3-c	Juggernaut	M	101009	300000	closing-striker-heavy-c-M-s101009
212	primary	cooldown-light-t3-a	Assassin	V	101009	1200000	closing-squire-light-a-V-s101009
213	primary	dot-balanced-t3-a	Pyromancer	D	101009	1200000	closing-apprentice-balanced-a-D-s101009
214	primary	reload-heavy-t3-a	Melter	V	101009	1200000	closing-slinger-heavy-a-V-s101009
215	primary	summoner-light-t3-b	Kilnmaster	D	101009	1200000	closing-conduit-light-b-D-s101009
216	primary	energy-balanced-t3-b	Stormbringer	V	101009	1200000	closing-spirit-balanced-b-V-s101009
217	primary	cadence-light-t3-a	Shockblade	V	101033	1200000	closing-striker-light-a-V-s101033
218	primary	cooldown-balanced-t3-a	Reverb	D	101033	1200000	closing-squire-balanced-a-D-s101033
219	primary	dot-heavy-t3-a	Icebreaker	V	101033	1200000	closing-apprentice-heavy-a-V-s101033
220	primary	reload-light-t3-b	Desperado	D	101033	1200000	closing-slinger-light-b-D-s101033
221	primary	summoner-balanced-t3-b	Chorister	V	101033	1200000	closing-conduit-balanced-b-V-s101033
222	primary	energy-heavy-t3-b	Invoker	D	101033	1200000	closing-spirit-heavy-b-D-s101033
223	primary	cadence-balanced-t3-a	Maestro	T	101033	1200000	closing-striker-balanced-a-T-s101033
224	primary	cooldown-heavy-t3-a	Avenger	M	101033	300000	closing-squire-heavy-a-M-s101033
225	primary	dot-light-t3-b	Cultist	T	101033	1200000	closing-apprentice-light-b-T-s101033
226	primary	reload-balanced-t3-b	Blunderbuss	M	101033	300000	closing-slinger-balanced-b-M-s101033
227	primary	summoner-heavy-t3-b	Champion	T	101033	1200000	closing-conduit-heavy-b-T-s101033
228	primary	energy-light-t3-c	Channeler	M	101033	300000	closing-spirit-light-c-M-s101033
229	primary	cadence-heavy-t3-a	Berserker	D	101033	1200000	closing-striker-heavy-a-D-s101033
230	primary	cooldown-light-t3-b	Transcendant	V	101033	1200000	closing-squire-light-b-V-s101033
231	primary	dot-balanced-t3-b	Firebrand	D	101033	1200000	closing-apprentice-balanced-b-D-s101033
232	primary	reload-heavy-t3-b	Warmonger	V	101033	1200000	closing-slinger-heavy-b-V-s101033
233	primary	summoner-light-t3-c	Iconoclast	D	101033	1200000	closing-conduit-light-c-D-s101033
234	primary	energy-balanced-t3-c	Aetherist	V	101033	1200000	closing-spirit-balanced-c-V-s101033
235	primary	cadence-light-t3-b	Scrapper	M	101033	300000	closing-striker-light-b-M-s101033
236	primary	cooldown-balanced-t3-b	Dynamo	T	101033	1200000	closing-squire-balanced-b-T-s101033
237	primary	dot-heavy-t3-b	Winter Warden	M	101033	300000	closing-apprentice-heavy-b-M-s101033
238	primary	reload-light-t3-c	Sniper	T	101033	1200000	closing-slinger-light-c-T-s101033
239	primary	summoner-balanced-t3-c	Ritualist	M	101033	300000	closing-conduit-balanced-c-M-s101033
240	primary	energy-heavy-t3-c	Tempest	T	101033	1200000	closing-spirit-heavy-c-T-s101033
241	primary	cadence-balanced-t3-b	Wavecrest	V	101033	1200000	closing-striker-balanced-b-V-s101033
242	primary	cooldown-heavy-t3-b	Destroyer	D	101033	1200000	closing-squire-heavy-b-D-s101033
243	primary	dot-light-t3-c	Zealot	V	101033	1200000	closing-apprentice-light-c-V-s101033
244	primary	reload-balanced-t3-c	Dualslinger	D	101033	1200000	closing-slinger-balanced-c-D-s101033
245	primary	summoner-heavy-t3-c	Idolwright	V	101033	1200000	closing-conduit-heavy-c-V-s101033
246	primary	energy-light-t3-a	Stormdancer	T	101033	1200000	closing-spirit-light-a-T-s101033
247	primary	cadence-heavy-t3-b	Hemomancer	T	101033	1200000	closing-striker-heavy-b-T-s101033
248	primary	cooldown-light-t3-c	Sunderer	M	101033	300000	closing-squire-light-c-M-s101033
249	primary	dot-balanced-t3-c	Cinder Lord	T	101033	1200000	closing-apprentice-balanced-c-T-s101033
250	primary	reload-heavy-t3-c	Cannoneer	M	101033	300000	closing-slinger-heavy-c-M-s101033
251	primary	summoner-light-t3-a	Inquisitor	V	101033	1200000	closing-conduit-light-a-V-s101033
252	primary	energy-balanced-t3-a	Equinox	D	101033	1200000	closing-spirit-balanced-a-D-s101033
253	primary	cadence-light-t3-c	Swiftblade	D	101033	1200000	closing-striker-light-c-D-s101033
254	primary	cooldown-balanced-t3-c	Stalwart	V	101033	1200000	closing-squire-balanced-c-V-s101033
255	primary	dot-heavy-t3-c	Wind Spirit	D	101033	1200000	closing-apprentice-heavy-c-D-s101033
256	primary	reload-light-t3-a	Duelist	M	101033	300000	closing-slinger-light-a-M-s101033
257	primary	summoner-balanced-t3-a	Marshal	T	101033	1200000	closing-conduit-balanced-a-T-s101033
258	primary	energy-heavy-t3-a	Voidwalker	M	101033	300000	closing-spirit-heavy-a-M-s101033
259	primary	cadence-balanced-t3-c	Justicar	M	101033	300000	closing-striker-balanced-c-M-s101033
260	primary	cooldown-heavy-t3-c	Devout Priest	T	101033	1200000	closing-squire-heavy-c-T-s101033
261	primary	dot-light-t3-a	Venomslinger	D	101033	1200000	closing-apprentice-light-a-D-s101033
262	primary	reload-balanced-t3-a	Bounty hunter	V	101033	1200000	closing-slinger-balanced-a-V-s101033
263	primary	summoner-heavy-t3-a	Covenanter	D	101033	1200000	closing-conduit-heavy-a-D-s101033
264	primary	energy-light-t3-b	Surge	V	101033	1200000	closing-spirit-light-b-V-s101033
265	primary	cadence-heavy-t3-c	Juggernaut	V	101033	1200000	closing-striker-heavy-c-V-s101033
266	primary	cooldown-light-t3-a	Assassin	T	101033	1200000	closing-squire-light-a-T-s101033
267	primary	dot-balanced-t3-a	Pyromancer	M	101033	300000	closing-apprentice-balanced-a-M-s101033
268	primary	reload-heavy-t3-a	Melter	T	101033	1200000	closing-slinger-heavy-a-T-s101033
269	primary	summoner-light-t3-b	Kilnmaster	M	101033	300000	closing-conduit-light-b-M-s101033
270	primary	energy-balanced-t3-b	Stormbringer	T	101033	1200000	closing-spirit-balanced-b-T-s101033
271	primary	cadence-light-t3-a	Shockblade	T	101033	1200000	closing-striker-light-a-T-s101033
272	primary	cooldown-balanced-t3-a	Reverb	M	101033	300000	closing-squire-balanced-a-M-s101033
273	primary	dot-heavy-t3-a	Icebreaker	T	101033	1200000	closing-apprentice-heavy-a-T-s101033
274	primary	reload-light-t3-b	Desperado	M	101033	300000	closing-slinger-light-b-M-s101033
275	primary	summoner-balanced-t3-b	Chorister	T	101033	1200000	closing-conduit-balanced-b-T-s101033
276	primary	energy-heavy-t3-b	Invoker	M	101033	300000	closing-spirit-heavy-b-M-s101033
277	primary	cadence-balanced-t3-a	Maestro	D	101033	1200000	closing-striker-balanced-a-D-s101033
278	primary	cooldown-heavy-t3-a	Avenger	V	101033	1200000	closing-squire-heavy-a-V-s101033
279	primary	dot-light-t3-b	Cultist	D	101033	1200000	closing-apprentice-light-b-D-s101033
280	primary	reload-balanced-t3-b	Blunderbuss	V	101033	1200000	closing-slinger-balanced-b-V-s101033
281	primary	summoner-heavy-t3-b	Champion	D	101033	1200000	closing-conduit-heavy-b-D-s101033
282	primary	energy-light-t3-c	Channeler	V	101033	1200000	closing-spirit-light-c-V-s101033
283	primary	cadence-heavy-t3-a	Berserker	M	101033	300000	closing-striker-heavy-a-M-s101033
284	primary	cooldown-light-t3-b	Transcendant	T	101033	1200000	closing-squire-light-b-T-s101033
285	primary	dot-balanced-t3-b	Firebrand	M	101033	300000	closing-apprentice-balanced-b-M-s101033
286	primary	reload-heavy-t3-b	Warmonger	T	101033	1200000	closing-slinger-heavy-b-T-s101033
287	primary	summoner-light-t3-c	Iconoclast	M	101033	300000	closing-conduit-light-c-M-s101033
288	primary	energy-balanced-t3-c	Aetherist	T	101033	1200000	closing-spirit-balanced-c-T-s101033
289	primary	cadence-light-t3-b	Scrapper	V	101033	1200000	closing-striker-light-b-V-s101033
290	primary	cooldown-balanced-t3-b	Dynamo	D	101033	1200000	closing-squire-balanced-b-D-s101033
291	primary	dot-heavy-t3-b	Winter Warden	V	101033	1200000	closing-apprentice-heavy-b-V-s101033
292	primary	reload-light-t3-c	Sniper	D	101033	1200000	closing-slinger-light-c-D-s101033
293	primary	summoner-balanced-t3-c	Ritualist	V	101033	1200000	closing-conduit-balanced-c-V-s101033
294	primary	energy-heavy-t3-c	Tempest	D	101033	1200000	closing-spirit-heavy-c-D-s101033
295	primary	cadence-balanced-t3-b	Wavecrest	T	101033	1200000	closing-striker-balanced-b-T-s101033
296	primary	cooldown-heavy-t3-b	Destroyer	M	101033	300000	closing-squire-heavy-b-M-s101033
297	primary	dot-light-t3-c	Zealot	T	101033	1200000	closing-apprentice-light-c-T-s101033
298	primary	reload-balanced-t3-c	Dualslinger	M	101033	300000	closing-slinger-balanced-c-M-s101033
299	primary	summoner-heavy-t3-c	Idolwright	T	101033	1200000	closing-conduit-heavy-c-T-s101033
300	primary	energy-light-t3-a	Stormdancer	D	101033	1200000	closing-spirit-light-a-D-s101033
301	primary	cadence-heavy-t3-b	Hemomancer	D	101033	1200000	closing-striker-heavy-b-D-s101033
302	primary	cooldown-light-t3-c	Sunderer	V	101033	1200000	closing-squire-light-c-V-s101033
303	primary	dot-balanced-t3-c	Cinder Lord	D	101033	1200000	closing-apprentice-balanced-c-D-s101033
304	primary	reload-heavy-t3-c	Cannoneer	V	101033	1200000	closing-slinger-heavy-c-V-s101033
305	primary	summoner-light-t3-a	Inquisitor	T	101033	1200000	closing-conduit-light-a-T-s101033
306	primary	energy-balanced-t3-a	Equinox	M	101033	300000	closing-spirit-balanced-a-M-s101033
307	primary	cadence-light-t3-c	Swiftblade	M	101033	300000	closing-striker-light-c-M-s101033
308	primary	cooldown-balanced-t3-c	Stalwart	T	101033	1200000	closing-squire-balanced-c-T-s101033
309	primary	dot-heavy-t3-c	Wind Spirit	M	101033	300000	closing-apprentice-heavy-c-M-s101033
310	primary	reload-light-t3-a	Duelist	V	101033	1200000	closing-slinger-light-a-V-s101033
311	primary	summoner-balanced-t3-a	Marshal	D	101033	1200000	closing-conduit-balanced-a-D-s101033
312	primary	energy-heavy-t3-a	Voidwalker	V	101033	1200000	closing-spirit-heavy-a-V-s101033
313	primary	cadence-balanced-t3-c	Justicar	V	101033	1200000	closing-striker-balanced-c-V-s101033
314	primary	cooldown-heavy-t3-c	Devout Priest	D	101033	1200000	closing-squire-heavy-c-D-s101033
315	primary	dot-light-t3-a	Venomslinger	M	101033	300000	closing-apprentice-light-a-M-s101033
316	primary	reload-balanced-t3-a	Bounty hunter	T	101033	1200000	closing-slinger-balanced-a-T-s101033
317	primary	summoner-heavy-t3-a	Covenanter	M	101033	300000	closing-conduit-heavy-a-M-s101033
318	primary	energy-light-t3-b	Surge	T	101033	1200000	closing-spirit-light-b-T-s101033
319	primary	cadence-heavy-t3-c	Juggernaut	T	101033	1200000	closing-striker-heavy-c-T-s101033
320	primary	cooldown-light-t3-a	Assassin	D	101033	1200000	closing-squire-light-a-D-s101033
321	primary	dot-balanced-t3-a	Pyromancer	V	101033	1200000	closing-apprentice-balanced-a-V-s101033
322	primary	reload-heavy-t3-a	Melter	D	101033	1200000	closing-slinger-heavy-a-D-s101033
323	primary	summoner-light-t3-b	Kilnmaster	V	101033	1200000	closing-conduit-light-b-V-s101033
324	primary	energy-balanced-t3-b	Stormbringer	D	101033	1200000	closing-spirit-balanced-b-D-s101033
325	primary	cadence-light-t3-a	Shockblade	D	101033	1200000	closing-striker-light-a-D-s101033
326	primary	cooldown-balanced-t3-a	Reverb	V	101033	1200000	closing-squire-balanced-a-V-s101033
327	primary	dot-heavy-t3-a	Icebreaker	D	101033	1200000	closing-apprentice-heavy-a-D-s101033
328	primary	reload-light-t3-b	Desperado	V	101033	1200000	closing-slinger-light-b-V-s101033
329	primary	summoner-balanced-t3-b	Chorister	D	101033	1200000	closing-conduit-balanced-b-D-s101033
330	primary	energy-heavy-t3-b	Invoker	V	101033	1200000	closing-spirit-heavy-b-V-s101033
331	primary	cadence-balanced-t3-a	Maestro	M	101033	300000	closing-striker-balanced-a-M-s101033
332	primary	cooldown-heavy-t3-a	Avenger	T	101033	1200000	closing-squire-heavy-a-T-s101033
333	primary	dot-light-t3-b	Cultist	M	101033	300000	closing-apprentice-light-b-M-s101033
334	primary	reload-balanced-t3-b	Blunderbuss	T	101033	1200000	closing-slinger-balanced-b-T-s101033
335	primary	summoner-heavy-t3-b	Champion	M	101033	300000	closing-conduit-heavy-b-M-s101033
336	primary	energy-light-t3-c	Channeler	T	101033	1200000	closing-spirit-light-c-T-s101033
337	primary	cadence-heavy-t3-a	Berserker	V	101033	1200000	closing-striker-heavy-a-V-s101033
338	primary	cooldown-light-t3-b	Transcendant	D	101033	1200000	closing-squire-light-b-D-s101033
339	primary	dot-balanced-t3-b	Firebrand	V	101033	1200000	closing-apprentice-balanced-b-V-s101033
340	primary	reload-heavy-t3-b	Warmonger	D	101033	1200000	closing-slinger-heavy-b-D-s101033
341	primary	summoner-light-t3-c	Iconoclast	V	101033	1200000	closing-conduit-light-c-V-s101033
342	primary	energy-balanced-t3-c	Aetherist	D	101033	1200000	closing-spirit-balanced-c-D-s101033
343	primary	cadence-light-t3-b	Scrapper	T	101033	1200000	closing-striker-light-b-T-s101033
344	primary	cooldown-balanced-t3-b	Dynamo	M	101033	300000	closing-squire-balanced-b-M-s101033
345	primary	dot-heavy-t3-b	Winter Warden	T	101033	1200000	closing-apprentice-heavy-b-T-s101033
346	primary	reload-light-t3-c	Sniper	M	101033	300000	closing-slinger-light-c-M-s101033
347	primary	summoner-balanced-t3-c	Ritualist	T	101033	1200000	closing-conduit-balanced-c-T-s101033
348	primary	energy-heavy-t3-c	Tempest	M	101033	300000	closing-spirit-heavy-c-M-s101033
349	primary	cadence-balanced-t3-b	Wavecrest	D	101033	1200000	closing-striker-balanced-b-D-s101033
350	primary	cooldown-heavy-t3-b	Destroyer	V	101033	1200000	closing-squire-heavy-b-V-s101033
351	primary	dot-light-t3-c	Zealot	D	101033	1200000	closing-apprentice-light-c-D-s101033
352	primary	reload-balanced-t3-c	Dualslinger	V	101033	1200000	closing-slinger-balanced-c-V-s101033
353	primary	summoner-heavy-t3-c	Idolwright	D	101033	1200000	closing-conduit-heavy-c-D-s101033
354	primary	energy-light-t3-a	Stormdancer	M	101033	300000	closing-spirit-light-a-M-s101033
355	primary	cadence-heavy-t3-b	Hemomancer	M	101033	300000	closing-striker-heavy-b-M-s101033
356	primary	cooldown-light-t3-c	Sunderer	T	101033	1200000	closing-squire-light-c-T-s101033
357	primary	dot-balanced-t3-c	Cinder Lord	M	101033	300000	closing-apprentice-balanced-c-M-s101033
358	primary	reload-heavy-t3-c	Cannoneer	T	101033	1200000	closing-slinger-heavy-c-T-s101033
359	primary	summoner-light-t3-a	Inquisitor	D	101033	1200000	closing-conduit-light-a-D-s101033
360	primary	energy-balanced-t3-a	Equinox	V	101033	1200000	closing-spirit-balanced-a-V-s101033
361	primary	cadence-light-t3-c	Swiftblade	V	101033	1200000	closing-striker-light-c-V-s101033
362	primary	cooldown-balanced-t3-c	Stalwart	D	101033	1200000	closing-squire-balanced-c-D-s101033
363	primary	dot-heavy-t3-c	Wind Spirit	V	101033	1200000	closing-apprentice-heavy-c-V-s101033
364	primary	reload-light-t3-a	Duelist	T	101033	1200000	closing-slinger-light-a-T-s101033
365	primary	summoner-balanced-t3-a	Marshal	M	101033	300000	closing-conduit-balanced-a-M-s101033
366	primary	energy-heavy-t3-a	Voidwalker	T	101033	1200000	closing-spirit-heavy-a-T-s101033
367	primary	cadence-balanced-t3-c	Justicar	T	101033	1200000	closing-striker-balanced-c-T-s101033
368	primary	cooldown-heavy-t3-c	Devout Priest	M	101033	300000	closing-squire-heavy-c-M-s101033
369	primary	dot-light-t3-a	Venomslinger	V	101033	1200000	closing-apprentice-light-a-V-s101033
370	primary	reload-balanced-t3-a	Bounty hunter	D	101033	1200000	closing-slinger-balanced-a-D-s101033
371	primary	summoner-heavy-t3-a	Covenanter	V	101033	1200000	closing-conduit-heavy-a-V-s101033
372	primary	energy-light-t3-b	Surge	D	101033	1200000	closing-spirit-light-b-D-s101033
373	primary	cadence-heavy-t3-c	Juggernaut	D	101033	1200000	closing-striker-heavy-c-D-s101033
374	primary	cooldown-light-t3-a	Assassin	M	101033	300000	closing-squire-light-a-M-s101033
375	primary	dot-balanced-t3-a	Pyromancer	T	101033	1200000	closing-apprentice-balanced-a-T-s101033
376	primary	reload-heavy-t3-a	Melter	M	101033	300000	closing-slinger-heavy-a-M-s101033
377	primary	summoner-light-t3-b	Kilnmaster	T	101033	1200000	closing-conduit-light-b-T-s101033
378	primary	energy-balanced-t3-b	Stormbringer	M	101033	300000	closing-spirit-balanced-b-M-s101033
379	primary	cadence-light-t3-a	Shockblade	M	101033	300000	closing-striker-light-a-M-s101033
380	primary	cooldown-balanced-t3-a	Reverb	T	101033	1200000	closing-squire-balanced-a-T-s101033
381	primary	dot-heavy-t3-a	Icebreaker	M	101033	300000	closing-apprentice-heavy-a-M-s101033
382	primary	reload-light-t3-b	Desperado	T	101033	1200000	closing-slinger-light-b-T-s101033
383	primary	summoner-balanced-t3-b	Chorister	M	101033	300000	closing-conduit-balanced-b-M-s101033
384	primary	energy-heavy-t3-b	Invoker	T	101033	1200000	closing-spirit-heavy-b-T-s101033
385	primary	cadence-balanced-t3-a	Maestro	V	101033	1200000	closing-striker-balanced-a-V-s101033
386	primary	cooldown-heavy-t3-a	Avenger	D	101033	1200000	closing-squire-heavy-a-D-s101033
387	primary	dot-light-t3-b	Cultist	V	101033	1200000	closing-apprentice-light-b-V-s101033
388	primary	reload-balanced-t3-b	Blunderbuss	D	101033	1200000	closing-slinger-balanced-b-D-s101033
389	primary	summoner-heavy-t3-b	Champion	V	101033	1200000	closing-conduit-heavy-b-V-s101033
390	primary	energy-light-t3-c	Channeler	D	101033	1200000	closing-spirit-light-c-D-s101033
391	primary	cadence-heavy-t3-a	Berserker	T	101033	1200000	closing-striker-heavy-a-T-s101033
392	primary	cooldown-light-t3-b	Transcendant	M	101033	300000	closing-squire-light-b-M-s101033
393	primary	dot-balanced-t3-b	Firebrand	T	101033	1200000	closing-apprentice-balanced-b-T-s101033
394	primary	reload-heavy-t3-b	Warmonger	M	101033	300000	closing-slinger-heavy-b-M-s101033
395	primary	summoner-light-t3-c	Iconoclast	T	101033	1200000	closing-conduit-light-c-T-s101033
396	primary	energy-balanced-t3-c	Aetherist	M	101033	300000	closing-spirit-balanced-c-M-s101033
397	primary	cadence-light-t3-b	Scrapper	D	101033	1200000	closing-striker-light-b-D-s101033
398	primary	cooldown-balanced-t3-b	Dynamo	V	101033	1200000	closing-squire-balanced-b-V-s101033
399	primary	dot-heavy-t3-b	Winter Warden	D	101033	1200000	closing-apprentice-heavy-b-D-s101033
400	primary	reload-light-t3-c	Sniper	V	101033	1200000	closing-slinger-light-c-V-s101033
401	primary	summoner-balanced-t3-c	Ritualist	D	101033	1200000	closing-conduit-balanced-c-D-s101033
402	primary	energy-heavy-t3-c	Tempest	V	101033	1200000	closing-spirit-heavy-c-V-s101033
403	primary	cadence-balanced-t3-b	Wavecrest	M	101033	300000	closing-striker-balanced-b-M-s101033
404	primary	cooldown-heavy-t3-b	Destroyer	T	101033	1200000	closing-squire-heavy-b-T-s101033
405	primary	dot-light-t3-c	Zealot	M	101033	300000	closing-apprentice-light-c-M-s101033
406	primary	reload-balanced-t3-c	Dualslinger	T	101033	1200000	closing-slinger-balanced-c-T-s101033
407	primary	summoner-heavy-t3-c	Idolwright	M	101033	300000	closing-conduit-heavy-c-M-s101033
408	primary	energy-light-t3-a	Stormdancer	V	101033	1200000	closing-spirit-light-a-V-s101033
409	primary	cadence-heavy-t3-b	Hemomancer	V	101033	1200000	closing-striker-heavy-b-V-s101033
410	primary	cooldown-light-t3-c	Sunderer	D	101033	1200000	closing-squire-light-c-D-s101033
411	primary	dot-balanced-t3-c	Cinder Lord	V	101033	1200000	closing-apprentice-balanced-c-V-s101033
412	primary	reload-heavy-t3-c	Cannoneer	D	101033	1200000	closing-slinger-heavy-c-D-s101033
413	primary	summoner-light-t3-a	Inquisitor	M	101033	300000	closing-conduit-light-a-M-s101033
414	primary	energy-balanced-t3-a	Equinox	T	101033	1200000	closing-spirit-balanced-a-T-s101033
415	primary	cadence-light-t3-c	Swiftblade	T	101033	1200000	closing-striker-light-c-T-s101033
416	primary	cooldown-balanced-t3-c	Stalwart	M	101033	300000	closing-squire-balanced-c-M-s101033
417	primary	dot-heavy-t3-c	Wind Spirit	T	101033	1200000	closing-apprentice-heavy-c-T-s101033
418	primary	reload-light-t3-a	Duelist	D	101033	1200000	closing-slinger-light-a-D-s101033
419	primary	summoner-balanced-t3-a	Marshal	V	101033	1200000	closing-conduit-balanced-a-V-s101033
420	primary	energy-heavy-t3-a	Voidwalker	D	101033	1200000	closing-spirit-heavy-a-D-s101033
421	primary	cadence-balanced-t3-c	Justicar	D	101033	1200000	closing-striker-balanced-c-D-s101033
422	primary	cooldown-heavy-t3-c	Devout Priest	V	101033	1200000	closing-squire-heavy-c-V-s101033
423	primary	dot-light-t3-a	Venomslinger	T	101033	1200000	closing-apprentice-light-a-T-s101033
424	primary	reload-balanced-t3-a	Bounty hunter	M	101033	300000	closing-slinger-balanced-a-M-s101033
425	primary	summoner-heavy-t3-a	Covenanter	T	101033	1200000	closing-conduit-heavy-a-T-s101033
426	primary	energy-light-t3-b	Surge	M	101033	300000	closing-spirit-light-b-M-s101033
427	primary	cadence-heavy-t3-c	Juggernaut	M	101033	300000	closing-striker-heavy-c-M-s101033
428	primary	cooldown-light-t3-a	Assassin	V	101033	1200000	closing-squire-light-a-V-s101033
429	primary	dot-balanced-t3-a	Pyromancer	D	101033	1200000	closing-apprentice-balanced-a-D-s101033
430	primary	reload-heavy-t3-a	Melter	V	101033	1200000	closing-slinger-heavy-a-V-s101033
431	primary	summoner-light-t3-b	Kilnmaster	D	101033	1200000	closing-conduit-light-b-D-s101033
432	primary	energy-balanced-t3-b	Stormbringer	V	101033	1200000	closing-spirit-balanced-b-V-s101033
433	alternative	summoner-balanced-t3-c	Ritualist	T	101009	1200000	closing-conduit-balanced-c-T-s101009-alt
434	alternative	summoner-balanced-t3-c	Ritualist	M	101009	300000	closing-conduit-balanced-c-M-s101009-alt
435	alternative	summoner-balanced-t3-c	Ritualist	T	101033	1200000	closing-conduit-balanced-c-T-s101033-alt
436	alternative	summoner-balanced-t3-c	Ritualist	M	101033	300000	closing-conduit-balanced-c-M-s101033-alt
437	alternative	energy-balanced-t3-b	Stormbringer	T	101009	1200000	closing-spirit-balanced-b-T-s101009-alt
438	alternative	energy-balanced-t3-b	Stormbringer	M	101009	300000	closing-spirit-balanced-b-M-s101009-alt
439	alternative	energy-balanced-t3-b	Stormbringer	T	101033	1200000	closing-spirit-balanced-b-T-s101033-alt
440	alternative	energy-balanced-t3-b	Stormbringer	M	101033	300000	closing-spirit-balanced-b-M-s101033-alt
441	alternative	energy-light-t3-b	Surge	T	101009	1200000	closing-spirit-light-b-T-s101009-alt
442	alternative	energy-light-t3-b	Surge	M	101009	300000	closing-spirit-light-b-M-s101009-alt
443	alternative	energy-light-t3-b	Surge	T	101033	1200000	closing-spirit-light-b-T-s101033-alt
444	alternative	energy-light-t3-b	Surge	M	101033	300000	closing-spirit-light-b-M-s101033-alt
445	alternative	energy-heavy-t3-c	Tempest	T	101009	1200000	closing-spirit-heavy-c-T-s101009-alt
446	alternative	energy-heavy-t3-c	Tempest	M	101009	300000	closing-spirit-heavy-c-M-s101009-alt
447	alternative	energy-heavy-t3-c	Tempest	T	101033	1200000	closing-spirit-heavy-c-T-s101033-alt
448	alternative	energy-heavy-t3-c	Tempest	M	101033	300000	closing-spirit-heavy-c-M-s101033-alt
449	alternative	dot-heavy-t3-a	Icebreaker	T	101009	1200000	closing-apprentice-heavy-a-T-s101009-alt
450	alternative	dot-heavy-t3-a	Icebreaker	M	101009	300000	closing-apprentice-heavy-a-M-s101009-alt
451	alternative	dot-heavy-t3-a	Icebreaker	T	101033	1200000	closing-apprentice-heavy-a-T-s101033-alt
452	alternative	dot-heavy-t3-a	Icebreaker	M	101033	300000	closing-apprentice-heavy-a-M-s101033-alt
453	alternative	reload-heavy-t3-a	Melter	T	101009	1200000	closing-slinger-heavy-a-T-s101009-alt
454	alternative	reload-heavy-t3-a	Melter	M	101009	300000	closing-slinger-heavy-a-M-s101009-alt
455	alternative	reload-heavy-t3-a	Melter	T	101033	1200000	closing-slinger-heavy-a-T-s101033-alt
456	alternative	reload-heavy-t3-a	Melter	M	101033	300000	closing-slinger-heavy-a-M-s101033-alt
457	alternative	cooldown-balanced-t3-a	Reverb	T	101009	1200000	closing-squire-balanced-a-T-s101009-alt
458	alternative	cooldown-balanced-t3-a	Reverb	M	101009	300000	closing-squire-balanced-a-M-s101009-alt
459	alternative	cooldown-balanced-t3-a	Reverb	T	101033	1200000	closing-squire-balanced-a-T-s101033-alt
460	alternative	cooldown-balanced-t3-a	Reverb	M	101033	300000	closing-squire-balanced-a-M-s101033-alt
