id	tier	slot	biome	masteryGate	bossGate	predecessor	authoredStats	upgradeReadbacks
primordial-club	0	weapon	clearing	1			{"attack":8}	[{"plus":0,"authoredStats":{"attack":8},"upgradeStats":{},"mechanics":{},"aps":0.75}]
clearing-vest-t1	0	armor	clearing	2			{"maxHp":20,"plating":4}	[{"plus":0,"authoredStats":{"maxHp":20,"plating":4},"upgradeStats":{},"mechanics":{},"aps":0}]
clearing-charm-t1	0	recovery	clearing	3			{"recovery":2}	[{"plus":0,"authoredStats":{"recovery":2},"upgradeStats":{},"mechanics":{},"aps":0}]
clearing-boots-t1	0	mobility	clearing	4			{"speed":12}	[{"plus":0,"authoredStats":{"speed":12},"upgradeStats":{},"mechanics":{},"aps":0}]
chaotic-axe	1	weapon	cave	1			{"attack":22}	[{"plus":0,"authoredStats":{"attack":22},"upgradeStats":{},"mechanics":{"weapon.dead-swing-interval":3},"aps":1.1},{"plus":3,"authoredStats":{"attack":22},"upgradeStats":{"attack":5},"mechanics":{"weapon.dead-swing-interval":3},"aps":1.1},{"plus":4,"authoredStats":{"attack":22},"upgradeStats":{"attack":8},"mechanics":{"weapon.dead-swing-interval":3},"aps":1.1},{"plus":5,"authoredStats":{"attack":22},"upgradeStats":{"attack":10},"mechanics":{"weapon.dead-swing-interval":3},"aps":1.1}]
cave-vest-t1	1	armor	cave	2			{"maxHp":28,"plating":4,"damageReduction":0.06}	[{"plus":0,"authoredStats":{"maxHp":28,"plating":4,"damageReduction":0.06},"upgradeStats":{},"mechanics":{},"aps":0},{"plus":3,"authoredStats":{"maxHp":28,"plating":4,"damageReduction":0.06},"upgradeStats":{"maxHp":9,"damageReduction":0.03,"plating":1},"mechanics":{},"aps":0},{"plus":4,"authoredStats":{"maxHp":28,"plating":4,"damageReduction":0.06},"upgradeStats":{"maxHp":12,"damageReduction":0.04,"plating":2},"mechanics":{},"aps":0},{"plus":5,"authoredStats":{"maxHp":28,"plating":4,"damageReduction":0.06},"upgradeStats":{"maxHp":14,"damageReduction":0.05,"plating":2},"mechanics":{},"aps":0}]
cave-charm-t1	1	recovery	cave	3			{"recovery":2}	[{"plus":0,"authoredStats":{"recovery":2},"upgradeStats":{},"mechanics":{"defense.absorb-pct":0.08},"aps":0},{"plus":3,"authoredStats":{"recovery":2},"upgradeStats":{"recovery":1},"mechanics":{"defense.absorb-pct":0.1},"aps":0},{"plus":4,"authoredStats":{"recovery":2},"upgradeStats":{"recovery":1},"mechanics":{"defense.absorb-pct":0.11},"aps":0},{"plus":5,"authoredStats":{"recovery":2},"upgradeStats":{"recovery":1},"mechanics":{"defense.absorb-pct":0.12},"aps":0}]
cave-boots-t1	1	mobility	cave	4			{"speed":20}	[{"plus":0,"authoredStats":{"speed":20},"upgradeStats":{},"mechanics":{"mobility.stealth-pct":0.25},"aps":0},{"plus":3,"authoredStats":{"speed":20},"upgradeStats":{"speed":3},"mechanics":{"mobility.stealth-pct":0.31},"aps":0},{"plus":4,"authoredStats":{"speed":20},"upgradeStats":{"speed":4},"mechanics":{"mobility.stealth-pct":0.33},"aps":0},{"plus":5,"authoredStats":{"speed":20},"upgradeStats":{"speed":5},"mechanics":{"mobility.stealth-pct":0.35},"aps":0}]
ruinous-axe	2	weapon	cave	7		chaotic-axe	{"attack":43}	[{"plus":0,"authoredStats":{"attack":43},"upgradeStats":{},"mechanics":{"weapon.dead-swing-interval":4},"aps":1.2},{"plus":3,"authoredStats":{"attack":43},"upgradeStats":{"attack":13},"mechanics":{"weapon.dead-swing-interval":4},"aps":1.2},{"plus":4,"authoredStats":{"attack":43},"upgradeStats":{"attack":17},"mechanics":{"weapon.dead-swing-interval":4},"aps":1.2},{"plus":5,"authoredStats":{"attack":43},"upgradeStats":{"attack":22},"mechanics":{"weapon.dead-swing-interval":4},"aps":1.2}]
cave-vest-t2	2	armor	cave	8		cave-vest-t1	{"maxHp":50,"plating":7,"damageReduction":0.13}	[{"plus":0,"authoredStats":{"maxHp":50,"plating":7,"damageReduction":0.13},"upgradeStats":{},"mechanics":{},"aps":0},{"plus":3,"authoredStats":{"maxHp":50,"plating":7,"damageReduction":0.13},"upgradeStats":{"maxHp":15,"plating":3,"damageReduction":0.03},"mechanics":{},"aps":0},{"plus":4,"authoredStats":{"maxHp":50,"plating":7,"damageReduction":0.13},"upgradeStats":{"maxHp":20,"plating":4,"damageReduction":0.04},"mechanics":{},"aps":0},{"plus":5,"authoredStats":{"maxHp":50,"plating":7,"damageReduction":0.13},"upgradeStats":{"maxHp":26,"plating":4,"damageReduction":0.04},"mechanics":{},"aps":0}]
cave-charm-t2	2	recovery	cave	9		cave-charm-t1	{"recovery":4}	[{"plus":0,"authoredStats":{"recovery":4},"upgradeStats":{},"mechanics":{"defense.absorb-pct":0.14},"aps":0},{"plus":3,"authoredStats":{"recovery":4},"upgradeStats":{"recovery":1},"mechanics":{"defense.absorb-pct":0.17},"aps":0},{"plus":4,"authoredStats":{"recovery":4},"upgradeStats":{"recovery":2},"mechanics":{"defense.absorb-pct":0.18000000000000002},"aps":0},{"plus":5,"authoredStats":{"recovery":4},"upgradeStats":{"recovery":2},"mechanics":{"defense.absorb-pct":0.19},"aps":0}]
cave-boots-t2	2	mobility	cave	10		cave-boots-t1	{"speed":36}	[{"plus":0,"authoredStats":{"speed":36},"upgradeStats":{},"mechanics":{"mobility.stealth-pct":0.38},"aps":0},{"plus":3,"authoredStats":{"speed":36},"upgradeStats":{"speed":6},"mechanics":{"mobility.stealth-pct":0.44},"aps":0},{"plus":4,"authoredStats":{"speed":36},"upgradeStats":{"speed":8},"mechanics":{"mobility.stealth-pct":0.46},"aps":0},{"plus":5,"authoredStats":{"speed":36},"upgradeStats":{"speed":10},"mechanics":{"mobility.stealth-pct":0.48},"aps":0}]
cave-cataclysm-axe	3	weapon	cave	13		ruinous-axe	{"attack":78}	[{"plus":0,"authoredStats":{"attack":78},"upgradeStats":{},"mechanics":{"weapon.dead-swing-interval":5},"aps":1.2},{"plus":3,"authoredStats":{"attack":78},"upgradeStats":{"attack":24},"mechanics":{"weapon.dead-swing-interval":5},"aps":1.2},{"plus":4,"authoredStats":{"attack":78},"upgradeStats":{"attack":31},"mechanics":{"weapon.dead-swing-interval":5},"aps":1.2},{"plus":5,"authoredStats":{"attack":78},"upgradeStats":{"attack":39},"mechanics":{"weapon.dead-swing-interval":5},"aps":1.2}]
cave-vest-t3	3	armor	cave	14		cave-vest-t2	{"maxHp":91,"plating":13,"damageReduction":0.19}	[{"plus":0,"authoredStats":{"maxHp":91,"plating":13,"damageReduction":0.19},"upgradeStats":{},"mechanics":{},"aps":0},{"plus":3,"authoredStats":{"maxHp":91,"plating":13,"damageReduction":0.19},"upgradeStats":{"maxHp":27,"plating":3,"damageReduction":0.03},"mechanics":{},"aps":0},{"plus":4,"authoredStats":{"maxHp":91,"plating":13,"damageReduction":0.19},"upgradeStats":{"maxHp":36,"plating":5,"damageReduction":0.04},"mechanics":{},"aps":0},{"plus":5,"authoredStats":{"maxHp":91,"plating":13,"damageReduction":0.19},"upgradeStats":{"maxHp":45,"plating":6,"damageReduction":0.04},"mechanics":{},"aps":0}]
cave-charm-t3	3	recovery	cave	15		cave-charm-t2	{"recovery":7}	[{"plus":0,"authoredStats":{"recovery":7},"upgradeStats":{},"mechanics":{"defense.absorb-pct":0.2},"aps":0},{"plus":3,"authoredStats":{"recovery":7},"upgradeStats":{"recovery":1},"mechanics":{"defense.absorb-pct":0.23},"aps":0},{"plus":4,"authoredStats":{"recovery":7},"upgradeStats":{"recovery":2},"mechanics":{"defense.absorb-pct":0.24000000000000002},"aps":0},{"plus":5,"authoredStats":{"recovery":7},"upgradeStats":{"recovery":3},"mechanics":{"defense.absorb-pct":0.24000000000000002},"aps":0}]
cave-boots-t3	3	mobility	cave	16		cave-boots-t2	{"speed":65}	[{"plus":0,"authoredStats":{"speed":65},"upgradeStats":{},"mechanics":{"mobility.stealth-pct":0.5},"aps":0},{"plus":3,"authoredStats":{"speed":65},"upgradeStats":{"speed":11},"mechanics":{"mobility.stealth-pct":0.56},"aps":0},{"plus":4,"authoredStats":{"speed":65},"upgradeStats":{"speed":14},"mechanics":{"mobility.stealth-pct":0.58},"aps":0},{"plus":5,"authoredStats":{"speed":65},"upgradeStats":{"speed":18},"mechanics":{"mobility.stealth-pct":0.6},"aps":0}]
core-tempered	2	core	cave	12			{}	[{"plus":0,"authoredStats":{},"upgradeStats":{},"mechanics":{"core.damage-dealt-pct":0.12,"core.maxhp-mult":0.12},"aps":0}]
core-duelist	3	core	cave	18			{}	[{"plus":0,"authoredStats":{},"upgradeStats":{},"mechanics":{"core.damage-dealt-pct":0.18,"core.maxhp-mult":0.1,"core.focus-damage-per-hit-mult":0.05,"core.focus-max-stacks":5},"aps":0}]
flash-rapier	1	weapon	forest	1			{"attack":5}	[{"plus":0,"authoredStats":{"attack":5},"upgradeStats":{},"mechanics":{},"aps":1.5},{"plus":3,"authoredStats":{"attack":5},"upgradeStats":{"attack":1},"mechanics":{},"aps":1.56},{"plus":4,"authoredStats":{"attack":5},"upgradeStats":{"attack":2},"mechanics":{},"aps":1.58},{"plus":5,"authoredStats":{"attack":5},"upgradeStats":{"attack":3},"mechanics":{},"aps":1.6}]
forest-vest-t1	1	armor	forest	2			{"maxHp":28,"plating":3,"evasion":0.16}	[{"plus":0,"authoredStats":{"maxHp":28,"plating":3,"evasion":0.16},"upgradeStats":{},"mechanics":{},"aps":0},{"plus":3,"authoredStats":{"maxHp":28,"plating":3,"evasion":0.16},"upgradeStats":{"maxHp":9,"evasion":0.03,"plating":1},"mechanics":{},"aps":0},{"plus":4,"authoredStats":{"maxHp":28,"plating":3,"evasion":0.16},"upgradeStats":{"maxHp":12,"evasion":0.04,"plating":2},"mechanics":{},"aps":0},{"plus":5,"authoredStats":{"maxHp":28,"plating":3,"evasion":0.16},"upgradeStats":{"maxHp":15,"evasion":0.06,"plating":2},"mechanics":{},"aps":0}]
forest-charm-t1	1	recovery	forest	3			{"recovery":3}	[{"plus":0,"authoredStats":{"recovery":3},"upgradeStats":{},"mechanics":{"defense.recovery-skill-potency":0.1},"aps":0},{"plus":3,"authoredStats":{"recovery":3},"upgradeStats":{"recovery":1},"mechanics":{"defense.recovery-skill-potency":0.13},"aps":0},{"plus":4,"authoredStats":{"recovery":3},"upgradeStats":{"recovery":2},"mechanics":{"defense.recovery-skill-potency":0.14},"aps":0},{"plus":5,"authoredStats":{"recovery":3},"upgradeStats":{"recovery":2},"mechanics":{"defense.recovery-skill-potency":0.15000000000000002},"aps":0}]
forest-boots-t1	1	mobility	forest	4			{"speed":22}	[{"plus":0,"authoredStats":{"speed":22},"upgradeStats":{},"mechanics":{"mobility.ooc-speed-pct":0.25},"aps":0},{"plus":3,"authoredStats":{"speed":22},"upgradeStats":{"speed":6},"mechanics":{"mobility.ooc-speed-pct":0.4},"aps":0},{"plus":4,"authoredStats":{"speed":22},"upgradeStats":{"speed":8},"mechanics":{"mobility.ooc-speed-pct":0.45},"aps":0},{"plus":5,"authoredStats":{"speed":22},"upgradeStats":{"speed":10},"mechanics":{"mobility.ooc-speed-pct":0.5},"aps":0}]
gale-needle	2	weapon	forest	7		flash-rapier	{"attack":9}	[{"plus":0,"authoredStats":{"attack":9},"upgradeStats":{},"mechanics":{},"aps":1.6},{"plus":3,"authoredStats":{"attack":9},"upgradeStats":{"attack":1},"mechanics":{},"aps":1.6600000000000001},{"plus":4,"authoredStats":{"attack":9},"upgradeStats":{"attack":3},"mechanics":{},"aps":1.6800000000000002},{"plus":5,"authoredStats":{"attack":9},"upgradeStats":{"attack":5},"mechanics":{},"aps":1.7000000000000002}]
thorn-needle	2	weapon	forest	7		flash-rapier	{"attack":5,"onHitDamage":4}	[{"plus":0,"authoredStats":{"attack":5,"onHitDamage":4},"upgradeStats":{},"mechanics":{},"aps":1.5},{"plus":3,"authoredStats":{"attack":5,"onHitDamage":4},"upgradeStats":{"onHitDamage":2,"attack":1},"mechanics":{},"aps":1.5},{"plus":4,"authoredStats":{"attack":5,"onHitDamage":4},"upgradeStats":{"onHitDamage":2,"attack":2},"mechanics":{},"aps":1.5},{"plus":5,"authoredStats":{"attack":5,"onHitDamage":4},"upgradeStats":{"onHitDamage":3,"attack":3},"mechanics":{},"aps":1.5}]
forest-vest-t2	2	armor	forest	8		forest-vest-t1	{"maxHp":50,"plating":5,"evasion":0.24}	[{"plus":0,"authoredStats":{"maxHp":50,"plating":5,"evasion":0.24},"upgradeStats":{},"mechanics":{},"aps":0},{"plus":3,"authoredStats":{"maxHp":50,"plating":5,"evasion":0.24},"upgradeStats":{"maxHp":15,"evasion":0.03,"plating":1},"mechanics":{},"aps":0},{"plus":4,"authoredStats":{"maxHp":50,"plating":5,"evasion":0.24},"upgradeStats":{"maxHp":20,"evasion":0.04,"plating":2},"mechanics":{},"aps":0},{"plus":5,"authoredStats":{"maxHp":50,"plating":5,"evasion":0.24},"upgradeStats":{"maxHp":25,"evasion":0.06,"plating":2},"mechanics":{},"aps":0}]
forest-charm-t2	2	recovery	forest	9		forest-charm-t1	{"recovery":5}	[{"plus":0,"authoredStats":{"recovery":5},"upgradeStats":{},"mechanics":{"defense.recovery-skill-potency":0.18},"aps":0},{"plus":3,"authoredStats":{"recovery":5},"upgradeStats":{"recovery":1},"mechanics":{"defense.recovery-skill-potency":0.21},"aps":0},{"plus":4,"authoredStats":{"recovery":5},"upgradeStats":{"recovery":2},"mechanics":{"defense.recovery-skill-potency":0.22},"aps":0},{"plus":5,"authoredStats":{"recovery":5},"upgradeStats":{"recovery":3},"mechanics":{"defense.recovery-skill-potency":0.22999999999999998},"aps":0}]
forest-boots-t2	2	mobility	forest	10		forest-boots-t1	{"speed":40}	[{"plus":0,"authoredStats":{"speed":40},"upgradeStats":{},"mechanics":{"mobility.ooc-speed-pct":0.55},"aps":0},{"plus":3,"authoredStats":{"speed":40},"upgradeStats":{"speed":6},"mechanics":{"mobility.ooc-speed-pct":0.7000000000000001},"aps":0},{"plus":4,"authoredStats":{"speed":40},"upgradeStats":{"speed":9},"mechanics":{"mobility.ooc-speed-pct":0.75},"aps":0},{"plus":5,"authoredStats":{"speed":40},"upgradeStats":{"speed":11},"mechanics":{"mobility.ooc-speed-pct":0.8},"aps":0}]
jungle-stinger-rapier	2	weapon	jungle	1			{"attack":10,"onHitDamage":8}	[{"plus":0,"authoredStats":{"attack":10,"onHitDamage":8},"upgradeStats":{},"mechanics":{},"aps":1.55},{"plus":3,"authoredStats":{"attack":10,"onHitDamage":8},"upgradeStats":{"attack":12,"onHitDamage":9},"mechanics":{},"aps":1.55},{"plus":4,"authoredStats":{"attack":10,"onHitDamage":8},"upgradeStats":{"attack":16,"onHitDamage":12},"mechanics":{},"aps":1.55},{"plus":5,"authoredStats":{"attack":10,"onHitDamage":8},"upgradeStats":{"attack":20,"onHitDamage":15},"mechanics":{},"aps":1.55}]
jungle-vest-t2	2	armor	jungle	2			{"maxHp":44,"plating":6,"evasion":0.15}	[{"plus":0,"authoredStats":{"maxHp":44,"plating":6,"evasion":0.15},"upgradeStats":{},"mechanics":{},"aps":0},{"plus":3,"authoredStats":{"maxHp":44,"plating":6,"evasion":0.15},"upgradeStats":{"maxHp":36,"plating":6,"evasion":0.12},"mechanics":{},"aps":0},{"plus":4,"authoredStats":{"maxHp":44,"plating":6,"evasion":0.15},"upgradeStats":{"maxHp":48,"plating":8,"evasion":0.16},"mechanics":{},"aps":0},{"plus":5,"authoredStats":{"maxHp":44,"plating":6,"evasion":0.15},"upgradeStats":{"maxHp":60,"plating":10,"evasion":0.2},"mechanics":{},"aps":0}]
jungle-charm-t2	2	recovery	jungle	3			{"recovery":6}	[{"plus":0,"authoredStats":{"recovery":6},"upgradeStats":{},"mechanics":{"defense.recovery-ramp-start-pct":0.04,"defense.recovery-ramp-max-pct":0.1,"defense.recovery-ramp-ramptime-ms":10000},"aps":0},{"plus":3,"authoredStats":{"recovery":6},"upgradeStats":{},"mechanics":{"defense.recovery-ramp-start-pct":0.04,"defense.recovery-ramp-max-pct":0.16,"defense.recovery-ramp-ramptime-ms":10000},"aps":0},{"plus":4,"authoredStats":{"recovery":6},"upgradeStats":{},"mechanics":{"defense.recovery-ramp-start-pct":0.04,"defense.recovery-ramp-max-pct":0.18,"defense.recovery-ramp-ramptime-ms":10000},"aps":0},{"plus":5,"authoredStats":{"recovery":6},"upgradeStats":{},"mechanics":{"defense.recovery-ramp-start-pct":0.04,"defense.recovery-ramp-max-pct":0.2,"defense.recovery-ramp-ramptime-ms":10000},"aps":0}]
jungle-boots-t2	2	mobility	jungle	4			{"speed":22}	[{"plus":0,"authoredStats":{"speed":22},"upgradeStats":{},"mechanics":{"mobility.aggro-pull-pct":0.5},"aps":0},{"plus":3,"authoredStats":{"speed":22},"upgradeStats":{"speed":21},"mechanics":{"mobility.aggro-pull-pct":0.5},"aps":0},{"plus":4,"authoredStats":{"speed":22},"upgradeStats":{"speed":30},"mechanics":{"mobility.aggro-pull-pct":0.5},"aps":0},{"plus":5,"authoredStats":{"speed":22},"upgradeStats":{"speed":39},"mechanics":{"mobility.aggro-pull-pct":0.5},"aps":0}]
jungle-venomthorn-rapier	3	weapon	jungle	7		jungle-stinger-rapier	{"attack":22,"onHitDamage":18}	[{"plus":0,"authoredStats":{"attack":22,"onHitDamage":18},"upgradeStats":{},"mechanics":{},"aps":1.65},{"plus":3,"authoredStats":{"attack":22,"onHitDamage":18},"upgradeStats":{"attack":12,"onHitDamage":12},"mechanics":{},"aps":1.65},{"plus":4,"authoredStats":{"attack":22,"onHitDamage":18},"upgradeStats":{"attack":16,"onHitDamage":16},"mechanics":{},"aps":1.65},{"plus":5,"authoredStats":{"attack":22,"onHitDamage":18},"upgradeStats":{"attack":20,"onHitDamage":20},"mechanics":{},"aps":1.65}]
jungle-vest-t3	3	armor	jungle	8		jungle-vest-t2	{"maxHp":80,"plating":13,"evasion":0.4}	[{"plus":0,"authoredStats":{"maxHp":80,"plating":13,"evasion":0.4},"upgradeStats":{},"mechanics":{},"aps":0},{"plus":3,"authoredStats":{"maxHp":80,"plating":13,"evasion":0.4},"upgradeStats":{"maxHp":54,"plating":9,"evasion":0.15000000000000002},"mechanics":{},"aps":0},{"plus":4,"authoredStats":{"maxHp":80,"plating":13,"evasion":0.4},"upgradeStats":{"maxHp":72,"plating":12,"evasion":0.2},"mechanics":{},"aps":0},{"plus":5,"authoredStats":{"maxHp":80,"plating":13,"evasion":0.4},"upgradeStats":{"maxHp":90,"plating":15,"evasion":0.25},"mechanics":{},"aps":0}]
jungle-charm-t3	3	recovery	jungle	9		jungle-charm-t2	{"recovery":11}	[{"plus":0,"authoredStats":{"recovery":11},"upgradeStats":{},"mechanics":{"defense.recovery-ramp-start-pct":0.05,"defense.recovery-ramp-max-pct":0.14,"defense.recovery-ramp-ramptime-ms":10000},"aps":0},{"plus":3,"authoredStats":{"recovery":11},"upgradeStats":{},"mechanics":{"defense.recovery-ramp-start-pct":0.05,"defense.recovery-ramp-max-pct":0.2,"defense.recovery-ramp-ramptime-ms":10000},"aps":0},{"plus":4,"authoredStats":{"recovery":11},"upgradeStats":{},"mechanics":{"defense.recovery-ramp-start-pct":0.05,"defense.recovery-ramp-max-pct":0.22000000000000003,"defense.recovery-ramp-ramptime-ms":10000},"aps":0},{"plus":5,"authoredStats":{"recovery":11},"upgradeStats":{},"mechanics":{"defense.recovery-ramp-start-pct":0.05,"defense.recovery-ramp-max-pct":0.24000000000000002,"defense.recovery-ramp-ramptime-ms":10000},"aps":0}]
jungle-boots-t3	3	mobility	jungle	10		jungle-boots-t2	{"speed":44}	[{"plus":0,"authoredStats":{"speed":44},"upgradeStats":{},"mechanics":{"mobility.aggro-pull-pct":0.65},"aps":0},{"plus":3,"authoredStats":{"speed":44},"upgradeStats":{"speed":24},"mechanics":{"mobility.aggro-pull-pct":0.65},"aps":0},{"plus":4,"authoredStats":{"speed":44},"upgradeStats":{"speed":34},"mechanics":{"mobility.aggro-pull-pct":0.65},"aps":0},{"plus":5,"authoredStats":{"speed":44},"upgradeStats":{"speed":44},"mechanics":{"mobility.aggro-pull-pct":0.65},"aps":0}]
jungle-deathfang-rapier	4	weapon	jungle	13		jungle-venomthorn-rapier	{"attack":34,"onHitDamage":30}	[{"plus":0,"authoredStats":{"attack":34,"onHitDamage":30},"upgradeStats":{},"mechanics":{},"aps":1.75},{"plus":3,"authoredStats":{"attack":34,"onHitDamage":30},"upgradeStats":{"attack":30,"onHitDamage":24},"mechanics":{},"aps":1.75},{"plus":4,"authoredStats":{"attack":34,"onHitDamage":30},"upgradeStats":{"attack":40,"onHitDamage":32},"mechanics":{},"aps":1.75},{"plus":5,"authoredStats":{"attack":34,"onHitDamage":30},"upgradeStats":{"attack":50,"onHitDamage":40},"mechanics":{},"aps":1.75}]
jungle-vest-t4	4	armor	jungle	14		jungle-vest-t3	{"maxHp":145,"plating":24,"evasion":0.55}	[{"plus":0,"authoredStats":{"maxHp":145,"plating":24,"evasion":0.55},"upgradeStats":{},"mechanics":{"defense.evade-mitigation":0.2},"aps":0},{"plus":3,"authoredStats":{"maxHp":145,"plating":24,"evasion":0.55},"upgradeStats":{"maxHp":105,"plating":18,"evasion":0.09},"mechanics":{"defense.evade-mitigation":0.2},"aps":0},{"plus":4,"authoredStats":{"maxHp":145,"plating":24,"evasion":0.55},"upgradeStats":{"maxHp":140,"plating":24,"evasion":0.12},"mechanics":{"defense.evade-mitigation":0.2},"aps":0},{"plus":5,"authoredStats":{"maxHp":145,"plating":24,"evasion":0.55},"upgradeStats":{"maxHp":175,"plating":30,"evasion":0.15},"mechanics":{"defense.evade-mitigation":0.2},"aps":0}]
jungle-charm-t4	4	recovery	jungle	15		jungle-charm-t3	{"recovery":16}	[{"plus":0,"authoredStats":{"recovery":16},"upgradeStats":{},"mechanics":{"defense.recovery-ramp-start-pct":0.04,"defense.recovery-ramp-max-pct":0.14,"defense.recovery-ramp-ramptime-ms":9000},"aps":0},{"plus":3,"authoredStats":{"recovery":16},"upgradeStats":{},"mechanics":{"defense.recovery-ramp-start-pct":0.04,"defense.recovery-ramp-max-pct":0.2,"defense.recovery-ramp-ramptime-ms":9000},"aps":0},{"plus":4,"authoredStats":{"recovery":16},"upgradeStats":{},"mechanics":{"defense.recovery-ramp-start-pct":0.04,"defense.recovery-ramp-max-pct":0.22000000000000003,"defense.recovery-ramp-ramptime-ms":9000},"aps":0},{"plus":5,"authoredStats":{"recovery":16},"upgradeStats":{},"mechanics":{"defense.recovery-ramp-start-pct":0.04,"defense.recovery-ramp-max-pct":0.24000000000000002,"defense.recovery-ramp-ramptime-ms":9000},"aps":0}]
jungle-charm-t4-overgrowth	4	recovery	jungle	15		jungle-charm-t3	{"recovery":16}	[{"plus":0,"authoredStats":{"recovery":16},"upgradeStats":{},"mechanics":{"defense.recovery-ramp-start-pct":0.04,"defense.recovery-ramp-max-pct":0.12,"defense.recovery-ramp-ramptime-ms":9000,"defense.overheal-ward-pct":0.25},"aps":0},{"plus":3,"authoredStats":{"recovery":16},"upgradeStats":{},"mechanics":{"defense.recovery-ramp-start-pct":0.04,"defense.recovery-ramp-max-pct":0.18,"defense.recovery-ramp-ramptime-ms":9000,"defense.overheal-ward-pct":0.25},"aps":0},{"plus":4,"authoredStats":{"recovery":16},"upgradeStats":{},"mechanics":{"defense.recovery-ramp-start-pct":0.04,"defense.recovery-ramp-max-pct":0.2,"defense.recovery-ramp-ramptime-ms":9000,"defense.overheal-ward-pct":0.25},"aps":0},{"plus":5,"authoredStats":{"recovery":16},"upgradeStats":{},"mechanics":{"defense.recovery-ramp-start-pct":0.04,"defense.recovery-ramp-max-pct":0.22,"defense.recovery-ramp-ramptime-ms":9000,"defense.overheal-ward-pct":0.25},"aps":0}]
jungle-boots-t4	4	mobility	jungle	16		jungle-boots-t3	{"speed":66}	[{"plus":0,"authoredStats":{"speed":66},"upgradeStats":{},"mechanics":{"mobility.aggro-pull-pct":0.8},"aps":0},{"plus":3,"authoredStats":{"speed":66},"upgradeStats":{"speed":30},"mechanics":{"mobility.aggro-pull-pct":0.8},"aps":0},{"plus":4,"authoredStats":{"speed":66},"upgradeStats":{"speed":42},"mechanics":{"mobility.aggro-pull-pct":0.8},"aps":0},{"plus":5,"authoredStats":{"speed":66},"upgradeStats":{"speed":54},"mechanics":{"mobility.aggro-pull-pct":0.8},"aps":0}]
core-survivalist	2	core	jungle	6			{}	[{"plus":0,"authoredStats":{},"upgradeStats":{},"mechanics":{"core.recovery-mult":0.3,"core.maxhp-mult":0.15},"aps":0}]
core-bruiser	3	core	jungle	11			{}	[{"plus":0,"authoredStats":{},"upgradeStats":{},"mechanics":{"core.damage-dealt-pct":0.28,"core.maxhp-mult":0.2,"core.speed-mult":0.18,"core.mobility-refund-on-kill-pct":0.5},"aps":0}]
core-accelerant	3	core	jungle	12			{}	[{"plus":0,"authoredStats":{},"upgradeStats":{},"mechanics":{"core.attack-speed-mult":0.55,"core.damage-dealt-pct":-0.18},"aps":0}]
relic-verdant-flywheel	4	relic	jungle	18			{}	[{"plus":0,"authoredStats":{},"upgradeStats":{},"mechanics":{"relic.mechanic-frequency":0.2,"relic.mechanic-potency":-0.2,"relic.mechanic-buff-effect":0.25},"aps":0}]
heavy-hammer	1	weapon	mountain	1			{"attack":26}	[{"plus":0,"authoredStats":{"attack":26},"upgradeStats":{},"mechanics":{"weapon.empowered-mult-bonus":0.15},"aps":0.55},{"plus":3,"authoredStats":{"attack":26},"upgradeStats":{"attack":6},"mechanics":{"weapon.empowered-mult-bonus":0.18},"aps":0.55},{"plus":4,"authoredStats":{"attack":26},"upgradeStats":{"attack":8},"mechanics":{"weapon.empowered-mult-bonus":0.2},"aps":0.55},{"plus":5,"authoredStats":{"attack":26},"upgradeStats":{"attack":10},"mechanics":{"weapon.empowered-mult-bonus":0.22},"aps":0.55}]
mountain-vest-t1	1	armor	mountain	2			{"maxHp":32,"plating":5}	[{"plus":0,"authoredStats":{"maxHp":32,"plating":5},"upgradeStats":{},"mechanics":{"guard.potency-pct":0.15},"aps":0},{"plus":3,"authoredStats":{"maxHp":32,"plating":5},"upgradeStats":{"maxHp":12,"plating":1},"mechanics":{"guard.potency-pct":0.21},"aps":0},{"plus":4,"authoredStats":{"maxHp":32,"plating":5},"upgradeStats":{"maxHp":16,"plating":2},"mechanics":{"guard.potency-pct":0.22999999999999998},"aps":0},{"plus":5,"authoredStats":{"maxHp":32,"plating":5},"upgradeStats":{"maxHp":20,"plating":2},"mechanics":{"guard.potency-pct":0.25},"aps":0}]
mountain-charm-t1	1	recovery	mountain	3			{"recovery":1}	[{"plus":0,"authoredStats":{"recovery":1},"upgradeStats":{},"mechanics":{"defense.barrier-pct":0.12},"aps":0},{"plus":3,"authoredStats":{"recovery":1},"upgradeStats":{"recovery":1},"mechanics":{"defense.barrier-pct":0.15},"aps":0},{"plus":4,"authoredStats":{"recovery":1},"upgradeStats":{"recovery":1},"mechanics":{"defense.barrier-pct":0.16499999999999998},"aps":0},{"plus":5,"authoredStats":{"recovery":1},"upgradeStats":{"recovery":1},"mechanics":{"defense.barrier-pct":0.18},"aps":0}]
mountain-boots-t1	1	mobility	mountain	4			{"speed":16}	[{"plus":0,"authoredStats":{"speed":16},"upgradeStats":{},"mechanics":{"mobility.approach-speed-pct":0.35},"aps":0},{"plus":3,"authoredStats":{"speed":16},"upgradeStats":{"speed":3},"mechanics":{"mobility.approach-speed-pct":0.5},"aps":0},{"plus":4,"authoredStats":{"speed":16},"upgradeStats":{"speed":4},"mechanics":{"mobility.approach-speed-pct":0.55},"aps":0},{"plus":5,"authoredStats":{"speed":16},"upgradeStats":{"speed":5},"mechanics":{"mobility.approach-speed-pct":0.6},"aps":0}]
quake-hammer	2	weapon	mountain	7		heavy-hammer	{"attack":47}	[{"plus":0,"authoredStats":{"attack":47},"upgradeStats":{},"mechanics":{"weapon.empowered-mult-bonus":0.26,"technique.cast-speed-pct":0.15},"aps":0.55},{"plus":3,"authoredStats":{"attack":47},"upgradeStats":{"attack":13},"mechanics":{"weapon.empowered-mult-bonus":0.3,"technique.cast-speed-pct":0.15},"aps":0.55},{"plus":4,"authoredStats":{"attack":47},"upgradeStats":{"attack":18},"mechanics":{"weapon.empowered-mult-bonus":0.32,"technique.cast-speed-pct":0.15},"aps":0.55},{"plus":5,"authoredStats":{"attack":47},"upgradeStats":{"attack":23},"mechanics":{"weapon.empowered-mult-bonus":0.33,"technique.cast-speed-pct":0.15},"aps":0.55}]
mountain-vest-t2	2	armor	mountain	8		mountain-vest-t1	{"maxHp":58,"plating":9}	[{"plus":0,"authoredStats":{"maxHp":58,"plating":9},"upgradeStats":{},"mechanics":{"guard.potency-pct":0.28},"aps":0},{"plus":3,"authoredStats":{"maxHp":58,"plating":9},"upgradeStats":{"maxHp":17,"plating":3},"mechanics":{"guard.potency-pct":0.34},"aps":0},{"plus":4,"authoredStats":{"maxHp":58,"plating":9},"upgradeStats":{"maxHp":22,"plating":4},"mechanics":{"guard.potency-pct":0.36000000000000004},"aps":0},{"plus":5,"authoredStats":{"maxHp":58,"plating":9},"upgradeStats":{"maxHp":28,"plating":5},"mechanics":{"guard.potency-pct":0.38},"aps":0}]
mountain-charm-t2	2	recovery	mountain	9		mountain-charm-t1	{"recovery":2}	[{"plus":0,"authoredStats":{"recovery":2},"upgradeStats":{},"mechanics":{"defense.barrier-pct":0.2},"aps":0},{"plus":3,"authoredStats":{"recovery":2},"upgradeStats":{"recovery":1},"mechanics":{"defense.barrier-pct":0.23},"aps":0},{"plus":4,"authoredStats":{"recovery":2},"upgradeStats":{"recovery":1},"mechanics":{"defense.barrier-pct":0.245},"aps":0},{"plus":5,"authoredStats":{"recovery":2},"upgradeStats":{"recovery":1},"mechanics":{"defense.barrier-pct":0.26},"aps":0}]
mountain-boots-t2	2	mobility	mountain	10		mountain-boots-t1	{"speed":29}	[{"plus":0,"authoredStats":{"speed":29},"upgradeStats":{},"mechanics":{"mobility.approach-speed-pct":0.65},"aps":0},{"plus":3,"authoredStats":{"speed":29},"upgradeStats":{"speed":5},"mechanics":{"mobility.approach-speed-pct":0.8},"aps":0},{"plus":4,"authoredStats":{"speed":29},"upgradeStats":{"speed":6},"mechanics":{"mobility.approach-speed-pct":0.8500000000000001},"aps":0},{"plus":5,"authoredStats":{"speed":29},"upgradeStats":{"speed":8},"mechanics":{"mobility.approach-speed-pct":0.9},"aps":0}]
mountain-avalanche-maul	3	weapon	mountain	13		quake-hammer	{"attack":84}	[{"plus":0,"authoredStats":{"attack":84},"upgradeStats":{},"mechanics":{"weapon.empowered-mult-bonus":0.37},"aps":0.55},{"plus":3,"authoredStats":{"attack":84},"upgradeStats":{"attack":25},"mechanics":{"weapon.empowered-mult-bonus":0.41},"aps":0.55},{"plus":4,"authoredStats":{"attack":84},"upgradeStats":{"attack":34},"mechanics":{"weapon.empowered-mult-bonus":0.43},"aps":0.55},{"plus":5,"authoredStats":{"attack":84},"upgradeStats":{"attack":42},"mechanics":{"weapon.empowered-mult-bonus":0.44},"aps":0.55}]
mountain-vest-t3	3	armor	mountain	14		mountain-vest-t2	{"maxHp":104,"plating":16}	[{"plus":0,"authoredStats":{"maxHp":104,"plating":16},"upgradeStats":{},"mechanics":{"guard.potency-pct":0.41,"defense.max-hit-pct":0.25,"defense.max-hit-mult":0.5},"aps":0},{"plus":3,"authoredStats":{"maxHp":104,"plating":16},"upgradeStats":{"maxHp":32,"plating":5},"mechanics":{"guard.potency-pct":0.47,"defense.max-hit-pct":0.25,"defense.max-hit-mult":0.5},"aps":0},{"plus":4,"authoredStats":{"maxHp":104,"plating":16},"upgradeStats":{"maxHp":42,"plating":6},"mechanics":{"guard.potency-pct":0.49,"defense.max-hit-pct":0.25,"defense.max-hit-mult":0.5},"aps":0},{"plus":5,"authoredStats":{"maxHp":104,"plating":16},"upgradeStats":{"maxHp":52,"plating":8},"mechanics":{"guard.potency-pct":0.51,"defense.max-hit-pct":0.25,"defense.max-hit-mult":0.5},"aps":0}]
mountain-charm-t3	3	recovery	mountain	15		mountain-charm-t2	{"recovery":3}	[{"plus":0,"authoredStats":{"recovery":3},"upgradeStats":{},"mechanics":{"defense.barrier-pct":0.28},"aps":0},{"plus":3,"authoredStats":{"recovery":3},"upgradeStats":{"recovery":1},"mechanics":{"defense.barrier-pct":0.31500000000000006},"aps":0},{"plus":4,"authoredStats":{"recovery":3},"upgradeStats":{"recovery":2},"mechanics":{"defense.barrier-pct":0.325},"aps":0},{"plus":5,"authoredStats":{"recovery":3},"upgradeStats":{"recovery":2},"mechanics":{"defense.barrier-pct":0.34},"aps":0}]
mountain-boots-t3	3	mobility	mountain	16		mountain-boots-t2	{"speed":52}	[{"plus":0,"authoredStats":{"speed":52},"upgradeStats":{},"mechanics":{"mobility.approach-speed-pct":0.95},"aps":0},{"plus":3,"authoredStats":{"speed":52},"upgradeStats":{"speed":9},"mechanics":{"mobility.approach-speed-pct":1.1},"aps":0},{"plus":4,"authoredStats":{"speed":52},"upgradeStats":{"speed":11},"mechanics":{"mobility.approach-speed-pct":1.15},"aps":0},{"plus":5,"authoredStats":{"speed":52},"upgradeStats":{"speed":14},"mechanics":{"mobility.approach-speed-pct":1.2},"aps":0}]
mountain-earthsunder-maul	4	weapon	mountain	19		mountain-avalanche-maul	{"attack":152}	[{"plus":0,"authoredStats":{"attack":152},"upgradeStats":{},"mechanics":{},"aps":0.4},{"plus":3,"authoredStats":{"attack":152},"upgradeStats":{"attack":45},"mechanics":{},"aps":0.4},{"plus":4,"authoredStats":{"attack":152},"upgradeStats":{"attack":60},"mechanics":{},"aps":0.4},{"plus":5,"authoredStats":{"attack":152},"upgradeStats":{"attack":76},"mechanics":{},"aps":0.4}]
mountain-warmaul	4	weapon	mountain	19		mountain-avalanche-maul	{"attack":98}	[{"plus":0,"authoredStats":{"attack":98},"upgradeStats":{},"mechanics":{"weapon.empowered-mult-bonus":0.48},"aps":0.55},{"plus":3,"authoredStats":{"attack":98},"upgradeStats":{"attack":30},"mechanics":{"weapon.empowered-mult-bonus":0.52},"aps":0.55},{"plus":4,"authoredStats":{"attack":98},"upgradeStats":{"attack":39},"mechanics":{"weapon.empowered-mult-bonus":0.54},"aps":0.55},{"plus":5,"authoredStats":{"attack":98},"upgradeStats":{"attack":49},"mechanics":{"weapon.empowered-mult-bonus":0.5499999999999999},"aps":0.55}]
mountain-vest-t4	4	armor	mountain	20		mountain-vest-t3	{"maxHp":187,"plating":29}	[{"plus":0,"authoredStats":{"maxHp":187,"plating":29},"upgradeStats":{},"mechanics":{"guard.potency-pct":0.54,"defense.max-hit-pct":0.25,"defense.max-hit-mult":0.5,"defense.max-hit-refills-barrier":1},"aps":0},{"plus":3,"authoredStats":{"maxHp":187,"plating":29},"upgradeStats":{"maxHp":56,"plating":9},"mechanics":{"guard.potency-pct":0.6000000000000001,"defense.max-hit-pct":0.25,"defense.max-hit-mult":0.5,"defense.max-hit-refills-barrier":1},"aps":0},{"plus":4,"authoredStats":{"maxHp":187,"plating":29},"upgradeStats":{"maxHp":74,"plating":12},"mechanics":{"guard.potency-pct":0.62,"defense.max-hit-pct":0.25,"defense.max-hit-mult":0.5,"defense.max-hit-refills-barrier":1},"aps":0},{"plus":5,"authoredStats":{"maxHp":187,"plating":29},"upgradeStats":{"maxHp":93,"plating":15},"mechanics":{"guard.potency-pct":0.64,"defense.max-hit-pct":0.25,"defense.max-hit-mult":0.5,"defense.max-hit-refills-barrier":1},"aps":0}]
mountain-vest-t4-stormwall	4	armor	mountain	20		mountain-vest-t3	{"maxHp":187,"plating":22}	[{"plus":0,"authoredStats":{"maxHp":187,"plating":22},"upgradeStats":{},"mechanics":{"guard.potency-pct":0.54,"defense.max-hit-pct":0.25,"defense.max-hit-mult":0.5,"defense.barrier-break-hp-recovery-pct":0.3},"aps":0},{"plus":3,"authoredStats":{"maxHp":187,"plating":22},"upgradeStats":{"maxHp":56,"plating":6},"mechanics":{"guard.potency-pct":0.6000000000000001,"defense.max-hit-pct":0.25,"defense.max-hit-mult":0.5,"defense.barrier-break-hp-recovery-pct":0.3},"aps":0},{"plus":4,"authoredStats":{"maxHp":187,"plating":22},"upgradeStats":{"maxHp":74,"plating":8},"mechanics":{"guard.potency-pct":0.62,"defense.max-hit-pct":0.25,"defense.max-hit-mult":0.5,"defense.barrier-break-hp-recovery-pct":0.3},"aps":0},{"plus":5,"authoredStats":{"maxHp":187,"plating":22},"upgradeStats":{"maxHp":93,"plating":11},"mechanics":{"guard.potency-pct":0.64,"defense.max-hit-pct":0.25,"defense.max-hit-mult":0.5,"defense.barrier-break-hp-recovery-pct":0.3},"aps":0}]
mountain-charm-t4	4	recovery	mountain	21		mountain-charm-t3	{"recovery":6}	[{"plus":0,"authoredStats":{"recovery":6},"upgradeStats":{},"mechanics":{"defense.barrier-pct":0.36},"aps":0},{"plus":3,"authoredStats":{"recovery":6},"upgradeStats":{"recovery":2},"mechanics":{"defense.barrier-pct":0.39},"aps":0},{"plus":4,"authoredStats":{"recovery":6},"upgradeStats":{"recovery":2.5},"mechanics":{"defense.barrier-pct":0.40499999999999997},"aps":0},{"plus":5,"authoredStats":{"recovery":6},"upgradeStats":{"recovery":3},"mechanics":{"defense.barrier-pct":0.42},"aps":0}]
mountain-charm-t4-shieldmend	4	recovery	mountain	21		mountain-charm-t3	{"recovery":6}	[{"plus":0,"authoredStats":{"recovery":6},"upgradeStats":{},"mechanics":{"defense.barrier-pct":0.32,"defense.barrier-break-heal-pct":0.25},"aps":0},{"plus":3,"authoredStats":{"recovery":6},"upgradeStats":{"recovery":2},"mechanics":{"defense.barrier-pct":0.35,"defense.barrier-break-heal-pct":0.25},"aps":0},{"plus":4,"authoredStats":{"recovery":6},"upgradeStats":{"recovery":2.5},"mechanics":{"defense.barrier-pct":0.36,"defense.barrier-break-heal-pct":0.25},"aps":0},{"plus":5,"authoredStats":{"recovery":6},"upgradeStats":{"recovery":3},"mechanics":{"defense.barrier-pct":0.37,"defense.barrier-break-heal-pct":0.25},"aps":0}]
mountain-boots-t4	4	mobility	mountain	22		mountain-boots-t3	{"speed":93}	[{"plus":0,"authoredStats":{"speed":93},"upgradeStats":{},"mechanics":{"mobility.approach-speed-pct":1.25},"aps":0},{"plus":3,"authoredStats":{"speed":93},"upgradeStats":{"speed":15},"mechanics":{"mobility.approach-speed-pct":1.4},"aps":0},{"plus":4,"authoredStats":{"speed":93},"upgradeStats":{"speed":21},"mechanics":{"mobility.approach-speed-pct":1.45},"aps":0},{"plus":5,"authoredStats":{"speed":93},"upgradeStats":{"speed":26},"mechanics":{"mobility.approach-speed-pct":1.5},"aps":0}]
core-juggernaut	4	core	mountain	22			{}	[{"plus":0,"authoredStats":{},"upgradeStats":{},"mechanics":{"core.maxhp-mult":0.3,"core.plating-mult":0.4,"core.damage-taken-pct":-0.14,"core.attack-speed-mult":-0.25,"core.speed-mult":-0.1},"aps":0}]
core-arcanist	3	core	mountain	18			{}	[{"plus":0,"authoredStats":{},"upgradeStats":{},"mechanics":{"technique.cooldown-reduction-pct":0.2,"technique.power-pct":0.2},"aps":0}]
relic-colossus-heart	4	relic	mountain	24			{}	[{"plus":0,"authoredStats":{},"upgradeStats":{},"mechanics":{"relic.mechanic-frequency":-0.3,"relic.mechanic-potency":0.4},"aps":0}]
relic-equilibrium-shard	4	relic	mountain	24			{}	[{"plus":0,"authoredStats":{},"upgradeStats":{},"mechanics":{"relic.mechanic-frequency":0.1,"relic.mechanic-potency":0.1},"aps":0}]
iron-broadsword	1	weapon	plains	1			{"attack":10}	[{"plus":0,"authoredStats":{"attack":10},"upgradeStats":{},"mechanics":{"technique.cooldown-reduction-pct":0.06},"aps":0.8},{"plus":3,"authoredStats":{"attack":10},"upgradeStats":{"attack":3},"mechanics":{"technique.cooldown-reduction-pct":0.09},"aps":0.8},{"plus":4,"authoredStats":{"attack":10},"upgradeStats":{"attack":4},"mechanics":{"technique.cooldown-reduction-pct":0.1},"aps":0.8},{"plus":5,"authoredStats":{"attack":10},"upgradeStats":{"attack":5},"mechanics":{"technique.cooldown-reduction-pct":0.11},"aps":0.8}]
plains-vest-t1	1	armor	plains	2			{"maxHp":24,"plating":7}	[{"plus":0,"authoredStats":{"maxHp":24,"plating":7},"upgradeStats":{},"mechanics":{},"aps":0},{"plus":3,"authoredStats":{"maxHp":24,"plating":7},"upgradeStats":{"maxHp":9,"plating":3},"mechanics":{},"aps":0},{"plus":4,"authoredStats":{"maxHp":24,"plating":7},"upgradeStats":{"maxHp":12,"plating":4},"mechanics":{},"aps":0},{"plus":5,"authoredStats":{"maxHp":24,"plating":7},"upgradeStats":{"maxHp":15,"plating":5},"mechanics":{},"aps":0}]
plains-charm-t1	1	recovery	plains	3			{"recovery":1}	[{"plus":0,"authoredStats":{"recovery":1},"upgradeStats":{},"mechanics":{"defense.recovery-on-kill-pct":0.2,"defense.recovery-on-kill-ms":4000},"aps":0},{"plus":3,"authoredStats":{"recovery":1},"upgradeStats":{"recovery":0.5},"mechanics":{"defense.recovery-on-kill-pct":0.26,"defense.recovery-on-kill-ms":4000},"aps":0},{"plus":4,"authoredStats":{"recovery":1},"upgradeStats":{"recovery":1},"mechanics":{"defense.recovery-on-kill-pct":0.28,"defense.recovery-on-kill-ms":4000},"aps":0},{"plus":5,"authoredStats":{"recovery":1},"upgradeStats":{"recovery":1},"mechanics":{"defense.recovery-on-kill-pct":0.30000000000000004,"defense.recovery-on-kill-ms":4000},"aps":0}]
plains-boots-t1	1	mobility	plains	4			{"speed":18}	[{"plus":0,"authoredStats":{"speed":18},"upgradeStats":{},"mechanics":{"mobility.kill-speed-pct":0.25,"mobility.kill-speed-ms":3000},"aps":0},{"plus":3,"authoredStats":{"speed":18},"upgradeStats":{"speed":3},"mechanics":{"mobility.kill-speed-pct":0.33999999999999997,"mobility.kill-speed-ms":3000},"aps":0},{"plus":4,"authoredStats":{"speed":18},"upgradeStats":{"speed":4},"mechanics":{"mobility.kill-speed-pct":0.37,"mobility.kill-speed-ms":3000},"aps":0},{"plus":5,"authoredStats":{"speed":18},"upgradeStats":{"speed":5},"mechanics":{"mobility.kill-speed-pct":0.4,"mobility.kill-speed-ms":3000},"aps":0}]
knight-steelsword	2	weapon	plains	7		iron-broadsword	{"attack":18}	[{"plus":0,"authoredStats":{"attack":18},"upgradeStats":{},"mechanics":{"technique.cooldown-reduction-pct":0.12},"aps":1},{"plus":3,"authoredStats":{"attack":18},"upgradeStats":{"attack":6},"mechanics":{"technique.cooldown-reduction-pct":0.15},"aps":1},{"plus":4,"authoredStats":{"attack":18},"upgradeStats":{"attack":8},"mechanics":{"technique.cooldown-reduction-pct":0.16},"aps":1},{"plus":5,"authoredStats":{"attack":18},"upgradeStats":{"attack":9},"mechanics":{"technique.cooldown-reduction-pct":0.16999999999999998},"aps":1}]
plains-vest-t2	2	armor	plains	8		plains-vest-t1	{"maxHp":43,"plating":13}	[{"plus":0,"authoredStats":{"maxHp":43,"plating":13},"upgradeStats":{},"mechanics":{},"aps":0},{"plus":3,"authoredStats":{"maxHp":43,"plating":13},"upgradeStats":{"maxHp":13,"plating":3},"mechanics":{},"aps":0},{"plus":4,"authoredStats":{"maxHp":43,"plating":13},"upgradeStats":{"maxHp":17,"plating":5},"mechanics":{},"aps":0},{"plus":5,"authoredStats":{"maxHp":43,"plating":13},"upgradeStats":{"maxHp":22,"plating":6},"mechanics":{},"aps":0}]
plains-charm-t2	2	recovery	plains	9		plains-charm-t1	{"recovery":2}	[{"plus":0,"authoredStats":{"recovery":2},"upgradeStats":{},"mechanics":{"defense.recovery-on-kill-pct":0.32,"defense.recovery-on-kill-ms":4000},"aps":0},{"plus":3,"authoredStats":{"recovery":2},"upgradeStats":{"recovery":0.5},"mechanics":{"defense.recovery-on-kill-pct":0.38,"defense.recovery-on-kill-ms":4000},"aps":0},{"plus":4,"authoredStats":{"recovery":2},"upgradeStats":{"recovery":1},"mechanics":{"defense.recovery-on-kill-pct":0.4,"defense.recovery-on-kill-ms":4000},"aps":0},{"plus":5,"authoredStats":{"recovery":2},"upgradeStats":{"recovery":1},"mechanics":{"defense.recovery-on-kill-pct":0.42000000000000004,"defense.recovery-on-kill-ms":4000},"aps":0}]
plains-boots-t2	2	mobility	plains	10		plains-boots-t1	{"speed":32}	[{"plus":0,"authoredStats":{"speed":32},"upgradeStats":{},"mechanics":{"mobility.kill-speed-pct":0.45,"mobility.kill-speed-ms":3000},"aps":0},{"plus":3,"authoredStats":{"speed":32},"upgradeStats":{"speed":6},"mechanics":{"mobility.kill-speed-pct":0.54,"mobility.kill-speed-ms":3000},"aps":0},{"plus":4,"authoredStats":{"speed":32},"upgradeStats":{"speed":7},"mechanics":{"mobility.kill-speed-pct":0.5700000000000001,"mobility.kill-speed-ms":3000},"aps":0},{"plus":5,"authoredStats":{"speed":32},"upgradeStats":{"speed":9},"mechanics":{"mobility.kill-speed-pct":0.6,"mobility.kill-speed-ms":3000},"aps":0}]
ashbrand-blade	1	weapon	swamp	1			{"attack":10}	[{"plus":0,"authoredStats":{"attack":10},"upgradeStats":{},"mechanics":{},"aps":0.9},{"plus":3,"authoredStats":{"attack":10},"upgradeStats":{"attack":3},"mechanics":{},"aps":0.9},{"plus":4,"authoredStats":{"attack":10},"upgradeStats":{"attack":4},"mechanics":{},"aps":0.9},{"plus":5,"authoredStats":{"attack":10},"upgradeStats":{"attack":5},"mechanics":{},"aps":0.9}]
swamp-vest-t1	1	armor	swamp	2			{"maxHp":30,"plating":4}	[{"plus":0,"authoredStats":{"maxHp":30,"plating":4},"upgradeStats":{},"mechanics":{"defense.dot-resistance":0.2},"aps":0},{"plus":3,"authoredStats":{"maxHp":30,"plating":4},"upgradeStats":{"maxHp":12,"plating":1},"mechanics":{"defense.dot-resistance":0.26},"aps":0},{"plus":4,"authoredStats":{"maxHp":30,"plating":4},"upgradeStats":{"maxHp":16,"plating":2},"mechanics":{"defense.dot-resistance":0.28},"aps":0},{"plus":5,"authoredStats":{"maxHp":30,"plating":4},"upgradeStats":{"maxHp":20,"plating":2},"mechanics":{"defense.dot-resistance":0.30000000000000004},"aps":0}]
swamp-charm-t1	1	recovery	swamp	3			{"recovery":2}	[{"plus":0,"authoredStats":{"recovery":2},"upgradeStats":{},"mechanics":{"defense.recovery-pulse-pct":0.2,"defense.recovery-pulse-interval-ms":8000,"defense.recovery-pulse-duration-ms":4000},"aps":0},{"plus":3,"authoredStats":{"recovery":2},"upgradeStats":{"recovery":1},"mechanics":{"defense.recovery-pulse-pct":0.26,"defense.recovery-pulse-interval-ms":8000,"defense.recovery-pulse-duration-ms":4000},"aps":0},{"plus":4,"authoredStats":{"recovery":2},"upgradeStats":{"recovery":1},"mechanics":{"defense.recovery-pulse-pct":0.28,"defense.recovery-pulse-interval-ms":8000,"defense.recovery-pulse-duration-ms":4000},"aps":0},{"plus":5,"authoredStats":{"recovery":2},"upgradeStats":{"recovery":1},"mechanics":{"defense.recovery-pulse-pct":0.30000000000000004,"defense.recovery-pulse-interval-ms":8000,"defense.recovery-pulse-duration-ms":4000},"aps":0}]
swamp-boots-t1	1	mobility	swamp	4			{"speed":18}	[{"plus":0,"authoredStats":{"speed":18},"upgradeStats":{},"mechanics":{"mobility.slow-resistance":0.25},"aps":0},{"plus":3,"authoredStats":{"speed":18},"upgradeStats":{"speed":3},"mechanics":{"mobility.slow-resistance":0.33999999999999997},"aps":0},{"plus":4,"authoredStats":{"speed":18},"upgradeStats":{"speed":4},"mechanics":{"mobility.slow-resistance":0.37},"aps":0},{"plus":5,"authoredStats":{"speed":18},"upgradeStats":{"speed":5},"mechanics":{"mobility.slow-resistance":0.4},"aps":0}]
swamp-mirebrand	2	weapon	swamp	7		ashbrand-blade	{"attack":18}	[{"plus":0,"authoredStats":{"attack":18},"upgradeStats":{},"mechanics":{},"aps":1},{"plus":3,"authoredStats":{"attack":18},"upgradeStats":{"attack":6},"mechanics":{},"aps":1},{"plus":4,"authoredStats":{"attack":18},"upgradeStats":{"attack":8},"mechanics":{},"aps":1},{"plus":5,"authoredStats":{"attack":18},"upgradeStats":{"attack":9},"mechanics":{},"aps":1}]
swamp-vest-t2	2	armor	swamp	8		swamp-vest-t1	{"maxHp":54,"plating":7}	[{"plus":0,"authoredStats":{"maxHp":54,"plating":7},"upgradeStats":{},"mechanics":{"defense.dot-resistance":0.34,"defense.hit-to-dot-pct":0.08},"aps":0},{"plus":3,"authoredStats":{"maxHp":54,"plating":7},"upgradeStats":{"maxHp":16,"plating":2},"mechanics":{"defense.dot-resistance":0.39,"defense.hit-to-dot-pct":0.08},"aps":0},{"plus":4,"authoredStats":{"maxHp":54,"plating":7},"upgradeStats":{"maxHp":21,"plating":3},"mechanics":{"defense.dot-resistance":0.41000000000000003,"defense.hit-to-dot-pct":0.08},"aps":0},{"plus":5,"authoredStats":{"maxHp":54,"plating":7},"upgradeStats":{"maxHp":27,"plating":4},"mechanics":{"defense.dot-resistance":0.42000000000000004,"defense.hit-to-dot-pct":0.08},"aps":0}]
swamp-charm-t2	2	recovery	swamp	9		swamp-charm-t1	{"recovery":4}	[{"plus":0,"authoredStats":{"recovery":4},"upgradeStats":{},"mechanics":{"defense.recovery-pulse-pct":0.32,"defense.recovery-pulse-interval-ms":8000,"defense.recovery-pulse-duration-ms":4000},"aps":0},{"plus":3,"authoredStats":{"recovery":4},"upgradeStats":{"recovery":1},"mechanics":{"defense.recovery-pulse-pct":0.38,"defense.recovery-pulse-interval-ms":8000,"defense.recovery-pulse-duration-ms":4000},"aps":0},{"plus":4,"authoredStats":{"recovery":4},"upgradeStats":{"recovery":2},"mechanics":{"defense.recovery-pulse-pct":0.4,"defense.recovery-pulse-interval-ms":8000,"defense.recovery-pulse-duration-ms":4000},"aps":0},{"plus":5,"authoredStats":{"recovery":4},"upgradeStats":{"recovery":2},"mechanics":{"defense.recovery-pulse-pct":0.42000000000000004,"defense.recovery-pulse-interval-ms":8000,"defense.recovery-pulse-duration-ms":4000},"aps":0}]
swamp-boots-t2	2	mobility	swamp	10		swamp-boots-t1	{"speed":32}	[{"plus":0,"authoredStats":{"speed":32},"upgradeStats":{},"mechanics":{"mobility.slow-resistance":0.45},"aps":0},{"plus":3,"authoredStats":{"speed":32},"upgradeStats":{"speed":5},"mechanics":{"mobility.slow-resistance":0.53},"aps":0},{"plus":4,"authoredStats":{"speed":32},"upgradeStats":{"speed":7},"mechanics":{"mobility.slow-resistance":0.56},"aps":0},{"plus":5,"authoredStats":{"speed":32},"upgradeStats":{"speed":9},"mechanics":{"mobility.slow-resistance":0.5800000000000001},"aps":0}]
swamp-blightbrand	3	weapon	swamp	13		swamp-mirebrand	{"attack":32}	[{"plus":0,"authoredStats":{"attack":32},"upgradeStats":{},"mechanics":{},"aps":1},{"plus":3,"authoredStats":{"attack":32},"upgradeStats":{"attack":9},"mechanics":{},"aps":1},{"plus":4,"authoredStats":{"attack":32},"upgradeStats":{"attack":12},"mechanics":{},"aps":1},{"plus":5,"authoredStats":{"attack":32},"upgradeStats":{"attack":16},"mechanics":{},"aps":1}]
swamp-vest-t3	3	armor	swamp	14		swamp-vest-t2	{"maxHp":97,"plating":13}	[{"plus":0,"authoredStats":{"maxHp":97,"plating":13},"upgradeStats":{},"mechanics":{"defense.dot-resistance":0.46,"defense.hit-to-dot-pct":0.1,"defense.debuff-resistance":0.2},"aps":0},{"plus":3,"authoredStats":{"maxHp":97,"plating":13},"upgradeStats":{"maxHp":30,"plating":3},"mechanics":{"defense.dot-resistance":0.49,"defense.hit-to-dot-pct":0.1,"defense.debuff-resistance":0.2},"aps":0},{"plus":4,"authoredStats":{"maxHp":97,"plating":13},"upgradeStats":{"maxHp":39,"plating":5},"mechanics":{"defense.dot-resistance":0.5,"defense.hit-to-dot-pct":0.1,"defense.debuff-resistance":0.2},"aps":0},{"plus":5,"authoredStats":{"maxHp":97,"plating":13},"upgradeStats":{"maxHp":49,"plating":6},"mechanics":{"defense.dot-resistance":0.52,"defense.hit-to-dot-pct":0.1,"defense.debuff-resistance":0.2},"aps":0}]
swamp-charm-t3	3	recovery	swamp	15		swamp-charm-t2	{"recovery":7}	[{"plus":0,"authoredStats":{"recovery":7},"upgradeStats":{},"mechanics":{"defense.recovery-pulse-pct":0.44,"defense.recovery-pulse-interval-ms":8000,"defense.recovery-pulse-duration-ms":4000},"aps":0},{"plus":3,"authoredStats":{"recovery":7},"upgradeStats":{"recovery":1},"mechanics":{"defense.recovery-pulse-pct":0.5,"defense.recovery-pulse-interval-ms":8000,"defense.recovery-pulse-duration-ms":4000},"aps":0},{"plus":4,"authoredStats":{"recovery":7},"upgradeStats":{"recovery":2},"mechanics":{"defense.recovery-pulse-pct":0.52,"defense.recovery-pulse-interval-ms":8000,"defense.recovery-pulse-duration-ms":4000},"aps":0},{"plus":5,"authoredStats":{"recovery":7},"upgradeStats":{"recovery":3},"mechanics":{"defense.recovery-pulse-pct":0.54,"defense.recovery-pulse-interval-ms":8000,"defense.recovery-pulse-duration-ms":4000},"aps":0}]
swamp-boots-t3	3	mobility	swamp	16		swamp-boots-t2	{"speed":58}	[{"plus":0,"authoredStats":{"speed":58},"upgradeStats":{},"mechanics":{"mobility.slow-resistance":0.62},"aps":0},{"plus":3,"authoredStats":{"speed":58},"upgradeStats":{"speed":9},"mechanics":{"mobility.slow-resistance":0.6799999999999999},"aps":0},{"plus":4,"authoredStats":{"speed":58},"upgradeStats":{"speed":13},"mechanics":{"mobility.slow-resistance":0.7},"aps":0},{"plus":5,"authoredStats":{"speed":58},"upgradeStats":{"speed":16},"mechanics":{"mobility.slow-resistance":0.72},"aps":0}]
tundra-permafrost-maul	3	weapon	tundra	1			{"attack":120}	[{"plus":0,"authoredStats":{"attack":120},"upgradeStats":{},"mechanics":{"weapon.brittle-plating":2,"weapon.brittle-dr":0.01,"weapon.brittle-stacks":8},"aps":0.5},{"plus":3,"authoredStats":{"attack":120},"upgradeStats":{"attack":90},"mechanics":{"weapon.brittle-plating":2,"weapon.brittle-dr":0.01,"weapon.brittle-stacks":8},"aps":0.5},{"plus":4,"authoredStats":{"attack":120},"upgradeStats":{"attack":120},"mechanics":{"weapon.brittle-plating":2,"weapon.brittle-dr":0.01,"weapon.brittle-stacks":8},"aps":0.5},{"plus":5,"authoredStats":{"attack":120},"upgradeStats":{"attack":150},"mechanics":{"weapon.brittle-plating":2,"weapon.brittle-dr":0.01,"weapon.brittle-stacks":8},"aps":0.5}]
tundra-rimebrand	3	weapon	tundra	3			{"attack":96}	[{"plus":0,"authoredStats":{"attack":96},"upgradeStats":{},"mechanics":{},"aps":0.6},{"plus":3,"authoredStats":{"attack":96},"upgradeStats":{"attack":72},"mechanics":{},"aps":0.6},{"plus":4,"authoredStats":{"attack":96},"upgradeStats":{"attack":96},"mechanics":{},"aps":0.6},{"plus":5,"authoredStats":{"attack":96},"upgradeStats":{"attack":120},"mechanics":{},"aps":0.6}]
tundra-vest-t3	3	armor	tundra	2			{"maxHp":100,"plating":15}	[{"plus":0,"authoredStats":{"maxHp":100,"plating":15},"upgradeStats":{},"mechanics":{"defense.stationary-dr-pct":0.15,"defense.stationary-dr-ramptime-ms":6000,"defense.max-hit-pct":0.25,"defense.max-hit-mult":0.5},"aps":0},{"plus":3,"authoredStats":{"maxHp":100,"plating":15},"upgradeStats":{"maxHp":66,"plating":12},"mechanics":{"defense.stationary-dr-pct":0.15,"defense.stationary-dr-ramptime-ms":6000,"defense.max-hit-pct":0.25,"defense.max-hit-mult":0.5},"aps":0},{"plus":4,"authoredStats":{"maxHp":100,"plating":15},"upgradeStats":{"maxHp":88,"plating":16},"mechanics":{"defense.stationary-dr-pct":0.15,"defense.stationary-dr-ramptime-ms":6000,"defense.max-hit-pct":0.25,"defense.max-hit-mult":0.5},"aps":0},{"plus":5,"authoredStats":{"maxHp":100,"plating":15},"upgradeStats":{"maxHp":110,"plating":20},"mechanics":{"defense.stationary-dr-pct":0.15,"defense.stationary-dr-ramptime-ms":6000,"defense.max-hit-pct":0.25,"defense.max-hit-mult":0.5},"aps":0}]
tundra-charm-t3	3	recovery	tundra	3			{"recovery":11}	[{"plus":0,"authoredStats":{"recovery":11},"upgradeStats":{},"mechanics":{"defense.barrier-pct":0.12,"defense.absorb-pct":0.08},"aps":0},{"plus":3,"authoredStats":{"recovery":11},"upgradeStats":{},"mechanics":{"defense.barrier-pct":0.18,"defense.absorb-pct":0.14},"aps":0},{"plus":4,"authoredStats":{"recovery":11},"upgradeStats":{},"mechanics":{"defense.barrier-pct":0.2,"defense.absorb-pct":0.16},"aps":0},{"plus":5,"authoredStats":{"recovery":11},"upgradeStats":{},"mechanics":{"defense.barrier-pct":0.22,"defense.absorb-pct":0.18},"aps":0}]
tundra-boots-t3	3	mobility	tundra	4			{"speed":30}	[{"plus":0,"authoredStats":{"speed":30},"upgradeStats":{},"mechanics":{"mobility.ramp-speed-pct":0.6,"mobility.ramp-rate":0.3},"aps":0},{"plus":3,"authoredStats":{"speed":30},"upgradeStats":{"speed":36},"mechanics":{"mobility.ramp-speed-pct":0.6,"mobility.ramp-rate":0.3},"aps":0},{"plus":4,"authoredStats":{"speed":30},"upgradeStats":{"speed":52},"mechanics":{"mobility.ramp-speed-pct":0.6,"mobility.ramp-rate":0.3},"aps":0},{"plus":5,"authoredStats":{"speed":30},"upgradeStats":{"speed":68},"mechanics":{"mobility.ramp-speed-pct":0.6,"mobility.ramp-rate":0.3},"aps":0}]
tundra-glacial-tyrant-maul	4	weapon	tundra	7		tundra-permafrost-maul	{"attack":200}	[{"plus":0,"authoredStats":{"attack":200},"upgradeStats":{},"mechanics":{"weapon.brittle-plating":3,"weapon.brittle-dr":0.015,"weapon.brittle-stacks":8,"weapon.brittle-shatter-threshold":8,"weapon.brittle-shatter-dr-strip-ms":2000},"aps":0.5},{"plus":3,"authoredStats":{"attack":200},"upgradeStats":{"attack":150},"mechanics":{"weapon.brittle-plating":3,"weapon.brittle-dr":0.015,"weapon.brittle-stacks":8,"weapon.brittle-shatter-threshold":8,"weapon.brittle-shatter-dr-strip-ms":2000},"aps":0.5},{"plus":4,"authoredStats":{"attack":200},"upgradeStats":{"attack":200},"mechanics":{"weapon.brittle-plating":3,"weapon.brittle-dr":0.015,"weapon.brittle-stacks":8,"weapon.brittle-shatter-threshold":8,"weapon.brittle-shatter-dr-strip-ms":2000},"aps":0.5},{"plus":5,"authoredStats":{"attack":200},"upgradeStats":{"attack":250},"mechanics":{"weapon.brittle-plating":3,"weapon.brittle-dr":0.015,"weapon.brittle-stacks":8,"weapon.brittle-shatter-threshold":8,"weapon.brittle-shatter-dr-strip-ms":2000},"aps":0.5}]
tundra-glacial-rimebrand	4	weapon	tundra	7		tundra-rimebrand	{"attack":155}	[{"plus":0,"authoredStats":{"attack":155},"upgradeStats":{},"mechanics":{},"aps":0.6},{"plus":3,"authoredStats":{"attack":155},"upgradeStats":{"attack":105},"mechanics":{},"aps":0.6},{"plus":4,"authoredStats":{"attack":155},"upgradeStats":{"attack":140},"mechanics":{},"aps":0.6},{"plus":5,"authoredStats":{"attack":155},"upgradeStats":{"attack":175},"mechanics":{},"aps":0.6}]
tundra-vest-t4	4	armor	tundra	8		tundra-vest-t3	{"maxHp":180,"plating":28}	[{"plus":0,"authoredStats":{"maxHp":180,"plating":28},"upgradeStats":{},"mechanics":{"defense.stationary-dr-pct":0.2,"defense.stationary-dr-ramptime-ms":5000,"defense.max-hit-pct":0.25,"defense.max-hit-mult":0.5},"aps":0},{"plus":3,"authoredStats":{"maxHp":180,"plating":28},"upgradeStats":{"maxHp":126,"plating":21},"mechanics":{"defense.stationary-dr-pct":0.2,"defense.stationary-dr-ramptime-ms":5000,"defense.max-hit-pct":0.25,"defense.max-hit-mult":0.5},"aps":0},{"plus":4,"authoredStats":{"maxHp":180,"plating":28},"upgradeStats":{"maxHp":168,"plating":28},"mechanics":{"defense.stationary-dr-pct":0.2,"defense.stationary-dr-ramptime-ms":5000,"defense.max-hit-pct":0.25,"defense.max-hit-mult":0.5},"aps":0},{"plus":5,"authoredStats":{"maxHp":180,"plating":28},"upgradeStats":{"maxHp":210,"plating":35},"mechanics":{"defense.stationary-dr-pct":0.2,"defense.stationary-dr-ramptime-ms":5000,"defense.max-hit-pct":0.25,"defense.max-hit-mult":0.5},"aps":0}]
tundra-charm-t4	4	recovery	tundra	9		tundra-charm-t3	{"recovery":16}	[{"plus":0,"authoredStats":{"recovery":16},"upgradeStats":{},"mechanics":{"defense.barrier-pct":0.17,"defense.absorb-pct":0.12},"aps":0},{"plus":3,"authoredStats":{"recovery":16},"upgradeStats":{},"mechanics":{"defense.barrier-pct":0.26,"defense.absorb-pct":0.21},"aps":0},{"plus":4,"authoredStats":{"recovery":16},"upgradeStats":{},"mechanics":{"defense.barrier-pct":0.29000000000000004,"defense.absorb-pct":0.24},"aps":0},{"plus":5,"authoredStats":{"recovery":16},"upgradeStats":{},"mechanics":{"defense.barrier-pct":0.32,"defense.absorb-pct":0.27},"aps":0}]
tundra-charm-t4-deepfreeze	4	recovery	tundra	9		tundra-charm-t3	{"recovery":16}	[{"plus":0,"authoredStats":{"recovery":16},"upgradeStats":{},"mechanics":{"defense.barrier-pct":0.14,"defense.absorb-ramp-start-pct":0.04,"defense.absorb-ramp-max-pct":0.18,"defense.absorb-ramptime-ms":12000},"aps":0},{"plus":3,"authoredStats":{"recovery":16},"upgradeStats":{},"mechanics":{"defense.barrier-pct":0.23,"defense.absorb-ramp-start-pct":0.04,"defense.absorb-ramp-max-pct":0.27,"defense.absorb-ramptime-ms":12000},"aps":0},{"plus":4,"authoredStats":{"recovery":16},"upgradeStats":{},"mechanics":{"defense.barrier-pct":0.26,"defense.absorb-ramp-start-pct":0.04,"defense.absorb-ramp-max-pct":0.3,"defense.absorb-ramptime-ms":12000},"aps":0},{"plus":5,"authoredStats":{"recovery":16},"upgradeStats":{},"mechanics":{"defense.barrier-pct":0.29000000000000004,"defense.absorb-ramp-start-pct":0.04,"defense.absorb-ramp-max-pct":0.32999999999999996,"defense.absorb-ramptime-ms":12000},"aps":0}]
tundra-boots-t4	4	mobility	tundra	10		tundra-boots-t3	{"speed":42}	[{"plus":0,"authoredStats":{"speed":42},"upgradeStats":{},"mechanics":{"mobility.ramp-speed-pct":0.75,"mobility.ramp-rate":0.35},"aps":0},{"plus":3,"authoredStats":{"speed":42},"upgradeStats":{"speed":42},"mechanics":{"mobility.ramp-speed-pct":0.75,"mobility.ramp-rate":0.35},"aps":0},{"plus":4,"authoredStats":{"speed":42},"upgradeStats":{"speed":60},"mechanics":{"mobility.ramp-speed-pct":0.75,"mobility.ramp-rate":0.35},"aps":0},{"plus":5,"authoredStats":{"speed":42},"upgradeStats":{"speed":78},"mechanics":{"mobility.ramp-speed-pct":0.75,"mobility.ramp-rate":0.35},"aps":0}]
core-scout	3	core	tundra	6			{}	[{"plus":0,"authoredStats":{},"upgradeStats":{},"mechanics":{"core.damage-dealt-pct":0.24,"core.speed-mult":0.25,"core.mobility-cooldown-reduction-pct":0.25,"core.maxhp-mult":-0.2},"aps":0}]
relic-glacial-bell	4	relic	tundra	12			{}	[{"plus":0,"authoredStats":{},"upgradeStats":{},"mechanics":{"relic.mechanic-frequency":-0.2,"relic.mechanic-potency":0.25,"relic.mechanic-buff-effect":0.25},"aps":0}]
desert-sunsteel-cross	2	weapon	desert	1			{"attack":24}	[{"plus":0,"authoredStats":{"attack":24},"upgradeStats":{},"mechanics":{"weapon.first-strike-mult":1.4,"weapon.first-strike-buff-damage-pct":0.15,"weapon.first-strike-buff-duration-ms":4000},"aps":0.8},{"plus":3,"authoredStats":{"attack":24},"upgradeStats":{"attack":27},"mechanics":{"weapon.first-strike-mult":1.4,"weapon.first-strike-buff-damage-pct":0.15,"weapon.first-strike-buff-duration-ms":4000},"aps":0.8},{"plus":4,"authoredStats":{"attack":24},"upgradeStats":{"attack":36},"mechanics":{"weapon.first-strike-mult":1.4,"weapon.first-strike-buff-damage-pct":0.15,"weapon.first-strike-buff-duration-ms":4000},"aps":0.8},{"plus":5,"authoredStats":{"attack":24},"upgradeStats":{"attack":45},"mechanics":{"weapon.first-strike-mult":1.4,"weapon.first-strike-buff-damage-pct":0.15,"weapon.first-strike-buff-duration-ms":4000},"aps":0.8}]
desert-vest-t2	2	armor	desert	2			{"maxHp":44,"plating":10}	[{"plus":0,"authoredStats":{"maxHp":44,"plating":10},"upgradeStats":{},"mechanics":{"defense.cheat-death":1,"defense.cleanse-stacks":1,"defense.cleanse-interval-ms":8000},"aps":0},{"plus":3,"authoredStats":{"maxHp":44,"plating":10},"upgradeStats":{"maxHp":36,"plating":9},"mechanics":{"defense.cheat-death":1,"defense.cleanse-stacks":1,"defense.cleanse-interval-ms":8000},"aps":0},{"plus":4,"authoredStats":{"maxHp":44,"plating":10},"upgradeStats":{"maxHp":48,"plating":12},"mechanics":{"defense.cheat-death":1,"defense.cleanse-stacks":1,"defense.cleanse-interval-ms":8000},"aps":0},{"plus":5,"authoredStats":{"maxHp":44,"plating":10},"upgradeStats":{"maxHp":60,"plating":15},"mechanics":{"defense.cheat-death":1,"defense.cleanse-stacks":1,"defense.cleanse-interval-ms":8000},"aps":0}]
desert-charm-t2	2	recovery	desert	3			{"recovery":6}	[{"plus":0,"authoredStats":{"recovery":6},"upgradeStats":{},"mechanics":{"cleanse.cooldown-reduction-pct":0.15},"aps":0},{"plus":3,"authoredStats":{"recovery":6},"upgradeStats":{},"mechanics":{"cleanse.cooldown-reduction-pct":0.18},"aps":0},{"plus":4,"authoredStats":{"recovery":6},"upgradeStats":{},"mechanics":{"cleanse.cooldown-reduction-pct":0.19},"aps":0},{"plus":5,"authoredStats":{"recovery":6},"upgradeStats":{},"mechanics":{"cleanse.cooldown-reduction-pct":0.2},"aps":0}]
desert-boots-t2	2	mobility	desert	4			{"speed":58}	[{"plus":0,"authoredStats":{"speed":58},"upgradeStats":{},"mechanics":{"mobility.kite-speed-pct":0.2},"aps":0},{"plus":3,"authoredStats":{"speed":58},"upgradeStats":{"speed":36},"mechanics":{"mobility.kite-speed-pct":0.2},"aps":0},{"plus":4,"authoredStats":{"speed":58},"upgradeStats":{"speed":52},"mechanics":{"mobility.kite-speed-pct":0.2},"aps":0},{"plus":5,"authoredStats":{"speed":58},"upgradeStats":{"speed":68},"mechanics":{"mobility.kite-speed-pct":0.2},"aps":0}]
desert-solar-cross	3	weapon	desert	7		desert-sunsteel-cross	{"attack":42}	[{"plus":0,"authoredStats":{"attack":42},"upgradeStats":{},"mechanics":{"weapon.first-strike-mult":1.5,"weapon.first-strike-buff-damage-pct":0.2,"weapon.first-strike-buff-duration-ms":5000},"aps":0.8},{"plus":3,"authoredStats":{"attack":42},"upgradeStats":{"attack":36},"mechanics":{"weapon.first-strike-mult":1.5,"weapon.first-strike-buff-damage-pct":0.2,"weapon.first-strike-buff-duration-ms":5000},"aps":0.8},{"plus":4,"authoredStats":{"attack":42},"upgradeStats":{"attack":48},"mechanics":{"weapon.first-strike-mult":1.5,"weapon.first-strike-buff-damage-pct":0.2,"weapon.first-strike-buff-duration-ms":5000},"aps":0.8},{"plus":5,"authoredStats":{"attack":42},"upgradeStats":{"attack":60},"mechanics":{"weapon.first-strike-mult":1.5,"weapon.first-strike-buff-damage-pct":0.2,"weapon.first-strike-buff-duration-ms":5000},"aps":0.8}]
desert-vest-t3	3	armor	desert	8		desert-vest-t2	{"maxHp":90,"plating":20}	[{"plus":0,"authoredStats":{"maxHp":90,"plating":20},"upgradeStats":{},"mechanics":{"defense.cheat-death":1,"defense.cleanse-stacks":1,"defense.cleanse-interval-ms":8000,"defense.debuff-resistance":0.2},"aps":0},{"plus":3,"authoredStats":{"maxHp":90,"plating":20},"upgradeStats":{"maxHp":60,"plating":15},"mechanics":{"defense.cheat-death":1,"defense.cleanse-stacks":1,"defense.cleanse-interval-ms":8000,"defense.debuff-resistance":0.2},"aps":0},{"plus":4,"authoredStats":{"maxHp":90,"plating":20},"upgradeStats":{"maxHp":80,"plating":20},"mechanics":{"defense.cheat-death":1,"defense.cleanse-stacks":1,"defense.cleanse-interval-ms":8000,"defense.debuff-resistance":0.2},"aps":0},{"plus":5,"authoredStats":{"maxHp":90,"plating":20},"upgradeStats":{"maxHp":100,"plating":25},"mechanics":{"defense.cheat-death":1,"defense.cleanse-stacks":1,"defense.cleanse-interval-ms":8000,"defense.debuff-resistance":0.2},"aps":0}]
desert-charm-t3	3	recovery	desert	9		desert-charm-t2	{"recovery":11}	[{"plus":0,"authoredStats":{"recovery":11},"upgradeStats":{},"mechanics":{"cleanse.cooldown-reduction-pct":0.2},"aps":0},{"plus":3,"authoredStats":{"recovery":11},"upgradeStats":{},"mechanics":{"cleanse.cooldown-reduction-pct":0.23},"aps":0},{"plus":4,"authoredStats":{"recovery":11},"upgradeStats":{},"mechanics":{"cleanse.cooldown-reduction-pct":0.24000000000000002},"aps":0},{"plus":5,"authoredStats":{"recovery":11},"upgradeStats":{},"mechanics":{"cleanse.cooldown-reduction-pct":0.25},"aps":0}]
desert-boots-t3	3	mobility	desert	10		desert-boots-t2	{"speed":96}	[{"plus":0,"authoredStats":{"speed":96},"upgradeStats":{},"mechanics":{"mobility.kite-speed-pct":0.3},"aps":0},{"plus":3,"authoredStats":{"speed":96},"upgradeStats":{"speed":42},"mechanics":{"mobility.kite-speed-pct":0.3},"aps":0},{"plus":4,"authoredStats":{"speed":96},"upgradeStats":{"speed":60},"mechanics":{"mobility.kite-speed-pct":0.3},"aps":0},{"plus":5,"authoredStats":{"speed":96},"upgradeStats":{"speed":78},"mechanics":{"mobility.kite-speed-pct":0.3},"aps":0}]
desert-zenith-cross	4	weapon	desert	13		desert-solar-cross	{"attack":110}	[{"plus":0,"authoredStats":{"attack":110},"upgradeStats":{},"mechanics":{"weapon.first-strike-mult":1.6,"weapon.first-strike-buff-damage-pct":0.25,"weapon.first-strike-buff-duration-ms":6000},"aps":0.8},{"plus":3,"authoredStats":{"attack":110},"upgradeStats":{"attack":60},"mechanics":{"weapon.first-strike-mult":1.6,"weapon.first-strike-buff-damage-pct":0.25,"weapon.first-strike-buff-duration-ms":6000},"aps":0.8},{"plus":4,"authoredStats":{"attack":110},"upgradeStats":{"attack":80},"mechanics":{"weapon.first-strike-mult":1.6,"weapon.first-strike-buff-damage-pct":0.25,"weapon.first-strike-buff-duration-ms":6000},"aps":0.8},{"plus":5,"authoredStats":{"attack":110},"upgradeStats":{"attack":100},"mechanics":{"weapon.first-strike-mult":1.6,"weapon.first-strike-buff-damage-pct":0.25,"weapon.first-strike-buff-duration-ms":6000},"aps":0.8}]
desert-vest-t4	4	armor	desert	14		desert-vest-t3	{"maxHp":165,"plating":38}	[{"plus":0,"authoredStats":{"maxHp":165,"plating":38},"upgradeStats":{},"mechanics":{"defense.cheat-death":1,"defense.cleanse-stacks":2,"defense.cleanse-interval-ms":8000,"defense.debuff-resistance":0.3,"defense.post-cheat-death-heal-pct":0.3,"defense.post-cheat-death-heal-ms":4000},"aps":0},{"plus":3,"authoredStats":{"maxHp":165,"plating":38},"upgradeStats":{"maxHp":120,"plating":27},"mechanics":{"defense.cheat-death":1,"defense.cleanse-stacks":2,"defense.cleanse-interval-ms":8000,"defense.debuff-resistance":0.3,"defense.post-cheat-death-heal-pct":0.3,"defense.post-cheat-death-heal-ms":4000},"aps":0},{"plus":4,"authoredStats":{"maxHp":165,"plating":38},"upgradeStats":{"maxHp":160,"plating":36},"mechanics":{"defense.cheat-death":1,"defense.cleanse-stacks":2,"defense.cleanse-interval-ms":8000,"defense.debuff-resistance":0.3,"defense.post-cheat-death-heal-pct":0.3,"defense.post-cheat-death-heal-ms":4000},"aps":0},{"plus":5,"authoredStats":{"maxHp":165,"plating":38},"upgradeStats":{"maxHp":200,"plating":45},"mechanics":{"defense.cheat-death":1,"defense.cleanse-stacks":2,"defense.cleanse-interval-ms":8000,"defense.debuff-resistance":0.3,"defense.post-cheat-death-heal-pct":0.3,"defense.post-cheat-death-heal-ms":4000},"aps":0}]
desert-charm-t4	4	recovery	desert	15		desert-charm-t3	{"recovery":16}	[{"plus":0,"authoredStats":{"recovery":16},"upgradeStats":{},"mechanics":{"cleanse.cooldown-reduction-pct":0.25},"aps":0},{"plus":3,"authoredStats":{"recovery":16},"upgradeStats":{},"mechanics":{"cleanse.cooldown-reduction-pct":0.295},"aps":0},{"plus":4,"authoredStats":{"recovery":16},"upgradeStats":{},"mechanics":{"cleanse.cooldown-reduction-pct":0.31},"aps":0},{"plus":5,"authoredStats":{"recovery":16},"upgradeStats":{},"mechanics":{"cleanse.cooldown-reduction-pct":0.325},"aps":0}]
desert-boots-t4	4	mobility	desert	16		desert-boots-t3	{"speed":134}	[{"plus":0,"authoredStats":{"speed":134},"upgradeStats":{},"mechanics":{"mobility.kite-speed-pct":0.4},"aps":0},{"plus":3,"authoredStats":{"speed":134},"upgradeStats":{"speed":54},"mechanics":{"mobility.kite-speed-pct":0.4},"aps":0},{"plus":4,"authoredStats":{"speed":134},"upgradeStats":{"speed":76},"mechanics":{"mobility.kite-speed-pct":0.4},"aps":0},{"plus":5,"authoredStats":{"speed":134},"upgradeStats":{"speed":98},"mechanics":{"mobility.kite-speed-pct":0.4},"aps":0}]
core-force	2	core	desert	6			{}	[{"plus":0,"authoredStats":{},"upgradeStats":{},"mechanics":{"core.damage-dealt-pct":0.22,"core.maxhp-mult":-0.12},"aps":0}]
core-sniper	3	core	desert	12			{}	[{"plus":0,"authoredStats":{},"upgradeStats":{},"mechanics":{"core.damage-dealt-pct":0.4,"core.maxhp-mult":-0.3,"core.plating-mult":-0.25},"aps":0}]
relic-withering-lens	4	relic	desert	18			{}	[{"plus":0,"authoredStats":{},"upgradeStats":{},"mechanics":{"relic.mechanic-frequency":-0.2,"relic.mechanic-potency":0.25,"relic.mechanic-debuff-effect":0.25},"aps":0}]
volcanic-cinderlash	3	weapon	volcanic	1			{"attack":34}	[{"plus":0,"authoredStats":{"attack":34},"upgradeStats":{},"mechanics":{"weapon.flurry-pct":0.03,"weapon.flurry-stacks":5},"aps":1.65},{"plus":3,"authoredStats":{"attack":34},"upgradeStats":{"attack":18},"mechanics":{"weapon.flurry-pct":0.03,"weapon.flurry-stacks":5},"aps":1.65},{"plus":4,"authoredStats":{"attack":34},"upgradeStats":{"attack":24},"mechanics":{"weapon.flurry-pct":0.03,"weapon.flurry-stacks":5},"aps":1.65},{"plus":5,"authoredStats":{"attack":34},"upgradeStats":{"attack":30},"mechanics":{"weapon.flurry-pct":0.03,"weapon.flurry-stacks":5},"aps":1.65}]
volcanic-vest-t3	3	armor	volcanic	2		plains-vest-t2	{"maxHp":90,"plating":20}	[{"plus":0,"authoredStats":{"maxHp":90,"plating":20},"upgradeStats":{},"mechanics":{"defense.hardening-per-sec":3,"defense.hardening-max":24,"defense.hardening-reset-pct":0.25},"aps":0},{"plus":3,"authoredStats":{"maxHp":90,"plating":20},"upgradeStats":{"maxHp":60,"plating":15},"mechanics":{"defense.hardening-per-sec":3,"defense.hardening-max":24,"defense.hardening-reset-pct":0.25},"aps":0},{"plus":4,"authoredStats":{"maxHp":90,"plating":20},"upgradeStats":{"maxHp":80,"plating":20},"mechanics":{"defense.hardening-per-sec":3,"defense.hardening-max":24,"defense.hardening-reset-pct":0.25},"aps":0},{"plus":5,"authoredStats":{"maxHp":90,"plating":20},"upgradeStats":{"maxHp":100,"plating":25},"mechanics":{"defense.hardening-per-sec":3,"defense.hardening-max":24,"defense.hardening-reset-pct":0.25},"aps":0}]
volcanic-charm-t3	3	recovery	volcanic	3		plains-charm-t2	{"recovery":11}	[{"plus":0,"authoredStats":{"recovery":11},"upgradeStats":{},"mechanics":{"defense.recovery-active-pct":0.06,"defense.recovery-on-kill-pct":0.04},"aps":0},{"plus":3,"authoredStats":{"recovery":11},"upgradeStats":{},"mechanics":{"defense.recovery-active-pct":0.12,"defense.recovery-on-kill-pct":0.1},"aps":0},{"plus":4,"authoredStats":{"recovery":11},"upgradeStats":{},"mechanics":{"defense.recovery-active-pct":0.14,"defense.recovery-on-kill-pct":0.12},"aps":0},{"plus":5,"authoredStats":{"recovery":11},"upgradeStats":{},"mechanics":{"defense.recovery-active-pct":0.16,"defense.recovery-on-kill-pct":0.14},"aps":0}]
volcanic-boots-t3	3	mobility	volcanic	4			{"speed":36}	[{"plus":0,"authoredStats":{"speed":36},"upgradeStats":{},"mechanics":{"mobility.passive-speed-pct":0.55,"mobility.suppress-ms":4000},"aps":0},{"plus":3,"authoredStats":{"speed":36},"upgradeStats":{"speed":36},"mechanics":{"mobility.passive-speed-pct":0.55,"mobility.suppress-ms":4000},"aps":0},{"plus":4,"authoredStats":{"speed":36},"upgradeStats":{"speed":52},"mechanics":{"mobility.passive-speed-pct":0.55,"mobility.suppress-ms":4000},"aps":0},{"plus":5,"authoredStats":{"speed":36},"upgradeStats":{"speed":68},"mechanics":{"mobility.passive-speed-pct":0.55,"mobility.suppress-ms":4000},"aps":0}]
volcanic-eruption-lash	4	weapon	volcanic	7		volcanic-cinderlash	{"attack":58}	[{"plus":0,"authoredStats":{"attack":58},"upgradeStats":{},"mechanics":{"weapon.flurry-pct":0.04,"weapon.flurry-stacks":5},"aps":1.8},{"plus":3,"authoredStats":{"attack":58},"upgradeStats":{"attack":33},"mechanics":{"weapon.flurry-pct":0.04,"weapon.flurry-stacks":5},"aps":1.8},{"plus":4,"authoredStats":{"attack":58},"upgradeStats":{"attack":44},"mechanics":{"weapon.flurry-pct":0.04,"weapon.flurry-stacks":5},"aps":1.8},{"plus":5,"authoredStats":{"attack":58},"upgradeStats":{"attack":55},"mechanics":{"weapon.flurry-pct":0.04,"weapon.flurry-stacks":5},"aps":1.8}]
volcanic-blightbrand	4	weapon	volcanic	7		volcanic-cinderlash	{"attack":70}	[{"plus":0,"authoredStats":{"attack":70},"upgradeStats":{},"mechanics":{},"aps":1.2},{"plus":3,"authoredStats":{"attack":70},"upgradeStats":{"attack":60},"mechanics":{},"aps":1.2},{"plus":4,"authoredStats":{"attack":70},"upgradeStats":{"attack":80},"mechanics":{},"aps":1.2},{"plus":5,"authoredStats":{"attack":70},"upgradeStats":{"attack":100},"mechanics":{},"aps":1.2}]
volcanic-vest-t4	4	armor	volcanic	8		volcanic-vest-t3	{"maxHp":165,"plating":38}	[{"plus":0,"authoredStats":{"maxHp":165,"plating":38},"upgradeStats":{},"mechanics":{"defense.hardening-per-sec":4,"defense.hardening-max":32,"defense.hardening-reset-pct":0.25,"defense.hardening-max-dr-bonus":0.06,"defense.hardening-max-dr-ms":3000},"aps":0},{"plus":3,"authoredStats":{"maxHp":165,"plating":38},"upgradeStats":{"maxHp":120,"plating":30},"mechanics":{"defense.hardening-per-sec":4,"defense.hardening-max":32,"defense.hardening-reset-pct":0.25,"defense.hardening-max-dr-bonus":0.06,"defense.hardening-max-dr-ms":3000},"aps":0},{"plus":4,"authoredStats":{"maxHp":165,"plating":38},"upgradeStats":{"maxHp":160,"plating":40},"mechanics":{"defense.hardening-per-sec":4,"defense.hardening-max":32,"defense.hardening-reset-pct":0.25,"defense.hardening-max-dr-bonus":0.06,"defense.hardening-max-dr-ms":3000},"aps":0},{"plus":5,"authoredStats":{"maxHp":165,"plating":38},"upgradeStats":{"maxHp":200,"plating":50},"mechanics":{"defense.hardening-per-sec":4,"defense.hardening-max":32,"defense.hardening-reset-pct":0.25,"defense.hardening-max-dr-bonus":0.06,"defense.hardening-max-dr-ms":3000},"aps":0}]
volcanic-vest-t4-lavatempered	4	armor	volcanic	8		volcanic-vest-t3	{"maxHp":150,"plating":28}	[{"plus":0,"authoredStats":{"maxHp":150,"plating":28},"upgradeStats":{},"mechanics":{"defense.hardening-per-sec":3,"defense.hardening-max":24,"defense.hardening-reset-pct":0.25,"defense.overheal-ward-pct":0.5},"aps":0},{"plus":3,"authoredStats":{"maxHp":150,"plating":28},"upgradeStats":{"maxHp":108,"plating":21},"mechanics":{"defense.hardening-per-sec":3,"defense.hardening-max":24,"defense.hardening-reset-pct":0.25,"defense.overheal-ward-pct":0.5},"aps":0},{"plus":4,"authoredStats":{"maxHp":150,"plating":28},"upgradeStats":{"maxHp":144,"plating":28},"mechanics":{"defense.hardening-per-sec":3,"defense.hardening-max":24,"defense.hardening-reset-pct":0.25,"defense.overheal-ward-pct":0.5},"aps":0},{"plus":5,"authoredStats":{"maxHp":150,"plating":28},"upgradeStats":{"maxHp":180,"plating":35},"mechanics":{"defense.hardening-per-sec":3,"defense.hardening-max":24,"defense.hardening-reset-pct":0.25,"defense.overheal-ward-pct":0.5},"aps":0}]
volcanic-charm-t4	4	recovery	volcanic	9		volcanic-charm-t3	{"recovery":16}	[{"plus":0,"authoredStats":{"recovery":16},"upgradeStats":{},"mechanics":{"defense.recovery-active-pct":0.06,"defense.recovery-on-kill-pct":0.04},"aps":0},{"plus":3,"authoredStats":{"recovery":16},"upgradeStats":{},"mechanics":{"defense.recovery-active-pct":0.12,"defense.recovery-on-kill-pct":0.1},"aps":0},{"plus":4,"authoredStats":{"recovery":16},"upgradeStats":{},"mechanics":{"defense.recovery-active-pct":0.14,"defense.recovery-on-kill-pct":0.12},"aps":0},{"plus":5,"authoredStats":{"recovery":16},"upgradeStats":{},"mechanics":{"defense.recovery-active-pct":0.16,"defense.recovery-on-kill-pct":0.14},"aps":0}]
volcanic-boots-t4	4	mobility	volcanic	10		volcanic-boots-t3	{"speed":50}	[{"plus":0,"authoredStats":{"speed":50},"upgradeStats":{},"mechanics":{"mobility.passive-speed-pct":0.7,"mobility.suppress-ms":3500},"aps":0},{"plus":3,"authoredStats":{"speed":50},"upgradeStats":{"speed":42},"mechanics":{"mobility.passive-speed-pct":0.7,"mobility.suppress-ms":3500},"aps":0},{"plus":4,"authoredStats":{"speed":50},"upgradeStats":{"speed":60},"mechanics":{"mobility.passive-speed-pct":0.7,"mobility.suppress-ms":3500},"aps":0},{"plus":5,"authoredStats":{"speed":50},"upgradeStats":{"speed":78},"mechanics":{"mobility.passive-speed-pct":0.7,"mobility.suppress-ms":3500},"aps":0}]
core-catalyst	4	core	volcanic	10			{}	[{"plus":0,"authoredStats":{},"upgradeStats":{},"mechanics":{"core.onhit-mult":1.15,"core.damage-dealt-pct":-0.15},"aps":0}]
relic-hastebound-dial	4	relic	volcanic	11			{}	[{"plus":0,"authoredStats":{},"upgradeStats":{},"mechanics":{"relic.mechanic-frequency":0.35,"relic.mechanic-potency":-0.25},"aps":0}]
graveyard-plague-axe	4	weapon	graveyard	1		cave-cataclysm-axe	{"attack":150}	[{"plus":0,"authoredStats":{"attack":150},"upgradeStats":{},"mechanics":{"weapon.dead-swing-interval":3,"weapon.dead-swing-vuln-pct":0.2,"weapon.dead-swing-vuln-ms":4000},"aps":1.1},{"plus":3,"authoredStats":{"attack":150},"upgradeStats":{"attack":90},"mechanics":{"weapon.dead-swing-interval":3,"weapon.dead-swing-vuln-pct":0.2,"weapon.dead-swing-vuln-ms":4000},"aps":1.1},{"plus":4,"authoredStats":{"attack":150},"upgradeStats":{"attack":120},"mechanics":{"weapon.dead-swing-interval":3,"weapon.dead-swing-vuln-pct":0.2,"weapon.dead-swing-vuln-ms":4000},"aps":1.1},{"plus":5,"authoredStats":{"attack":150},"upgradeStats":{"attack":150},"mechanics":{"weapon.dead-swing-interval":3,"weapon.dead-swing-vuln-pct":0.2,"weapon.dead-swing-vuln-ms":4000},"aps":1.1}]
graveyard-vest-t4	4	armor	graveyard	2		swamp-vest-t3	{"maxHp":150,"plating":16}	[{"plus":0,"authoredStats":{"maxHp":150,"plating":16},"upgradeStats":{},"mechanics":{"defense.dot-resistance":0.35,"defense.hit-to-dot-pct":0.08,"defense.debuff-resistance":0.25,"defense.hit-plating-per-stack":1,"defense.hit-plating-max-stacks":5,"defense.hit-plating-duration-ms":4000},"aps":0},{"plus":3,"authoredStats":{"maxHp":150,"plating":16},"upgradeStats":{"maxHp":108,"plating":18},"mechanics":{"defense.dot-resistance":0.35,"defense.hit-to-dot-pct":0.08,"defense.debuff-resistance":0.25,"defense.hit-plating-per-stack":1,"defense.hit-plating-max-stacks":5,"defense.hit-plating-duration-ms":4000},"aps":0},{"plus":4,"authoredStats":{"maxHp":150,"plating":16},"upgradeStats":{"maxHp":144,"plating":24},"mechanics":{"defense.dot-resistance":0.35,"defense.hit-to-dot-pct":0.08,"defense.debuff-resistance":0.25,"defense.hit-plating-per-stack":1,"defense.hit-plating-max-stacks":5,"defense.hit-plating-duration-ms":4000},"aps":0},{"plus":5,"authoredStats":{"maxHp":150,"plating":16},"upgradeStats":{"maxHp":180,"plating":30},"mechanics":{"defense.dot-resistance":0.35,"defense.hit-to-dot-pct":0.08,"defense.debuff-resistance":0.25,"defense.hit-plating-per-stack":1,"defense.hit-plating-max-stacks":5,"defense.hit-plating-duration-ms":4000},"aps":0}]
graveyard-vest-t4-debtward	4	armor	graveyard	2		swamp-vest-t3	{"maxHp":150,"plating":20}	[{"plus":0,"authoredStats":{"maxHp":150,"plating":20},"upgradeStats":{},"mechanics":{"defense.dot-resistance":0.4,"defense.hit-to-dot-pct":0.08,"defense.debt-cheat-death":1},"aps":0},{"plus":3,"authoredStats":{"maxHp":150,"plating":20},"upgradeStats":{"maxHp":108,"plating":12},"mechanics":{"defense.dot-resistance":0.4,"defense.hit-to-dot-pct":0.08,"defense.debt-cheat-death":1},"aps":0},{"plus":4,"authoredStats":{"maxHp":150,"plating":20},"upgradeStats":{"maxHp":144,"plating":16},"mechanics":{"defense.dot-resistance":0.4,"defense.hit-to-dot-pct":0.08,"defense.debt-cheat-death":1},"aps":0},{"plus":5,"authoredStats":{"maxHp":150,"plating":20},"upgradeStats":{"maxHp":180,"plating":20},"mechanics":{"defense.dot-resistance":0.4,"defense.hit-to-dot-pct":0.08,"defense.debt-cheat-death":1},"aps":0}]
graveyard-charm-t4	4	recovery	graveyard	3		swamp-charm-t3	{"recovery":16}	[{"plus":0,"authoredStats":{"recovery":16},"upgradeStats":{},"mechanics":{"defense.recovery-pulse-pct":0.11,"defense.recovery-pulse-interval-ms":6000},"aps":0},{"plus":3,"authoredStats":{"recovery":16},"upgradeStats":{},"mechanics":{"defense.recovery-pulse-pct":0.2,"defense.recovery-pulse-interval-ms":6000},"aps":0},{"plus":4,"authoredStats":{"recovery":16},"upgradeStats":{},"mechanics":{"defense.recovery-pulse-pct":0.22999999999999998,"defense.recovery-pulse-interval-ms":6000},"aps":0},{"plus":5,"authoredStats":{"recovery":16},"upgradeStats":{},"mechanics":{"defense.recovery-pulse-pct":0.26,"defense.recovery-pulse-interval-ms":6000},"aps":0}]
graveyard-charm-t4-gravetide	4	recovery	graveyard	3		swamp-charm-t3	{"recovery":16}	[{"plus":0,"authoredStats":{"recovery":16},"upgradeStats":{},"mechanics":{"defense.recovery-pulse-pct":0.04,"defense.recovery-pulse-interval-ms":8000,"defense.recovery-active-pct":0.04},"aps":0},{"plus":3,"authoredStats":{"recovery":16},"upgradeStats":{},"mechanics":{"defense.recovery-pulse-pct":0.07,"defense.recovery-pulse-interval-ms":8000,"defense.recovery-active-pct":0.07},"aps":0},{"plus":4,"authoredStats":{"recovery":16},"upgradeStats":{},"mechanics":{"defense.recovery-pulse-pct":0.08,"defense.recovery-pulse-interval-ms":8000,"defense.recovery-active-pct":0.08},"aps":0},{"plus":5,"authoredStats":{"recovery":16},"upgradeStats":{},"mechanics":{"defense.recovery-pulse-pct":0.09,"defense.recovery-pulse-interval-ms":8000,"defense.recovery-active-pct":0.09},"aps":0}]
graveyard-boots-t4	4	mobility	graveyard	4			{"speed":30}	[{"plus":0,"authoredStats":{"speed":30},"upgradeStats":{},"mechanics":{"mobility.kill-stack-speed-pct":0.12,"mobility.kill-stack-tenacity-pct":0.12,"mobility.kill-stack-ms":4000},"aps":0},{"plus":3,"authoredStats":{"speed":30},"upgradeStats":{"speed":36},"mechanics":{"mobility.kill-stack-speed-pct":0.12,"mobility.kill-stack-tenacity-pct":0.12,"mobility.kill-stack-ms":4000},"aps":0},{"plus":4,"authoredStats":{"speed":30},"upgradeStats":{"speed":52},"mechanics":{"mobility.kill-stack-speed-pct":0.12,"mobility.kill-stack-tenacity-pct":0.12,"mobility.kill-stack-ms":4000},"aps":0},{"plus":5,"authoredStats":{"speed":30},"upgradeStats":{"speed":68},"mechanics":{"mobility.kill-stack-speed-pct":0.12,"mobility.kill-stack-tenacity-pct":0.12,"mobility.kill-stack-ms":4000},"aps":0}]
core-controller	4	core	graveyard	4			{}	[{"plus":0,"authoredStats":{},"upgradeStats":{},"mechanics":{"core.debuff-duration-mult":0.35,"core.debuff-potency-mult":0.25},"aps":0}]
relic-haunted-prism	4	relic	graveyard	6			{}	[{"plus":0,"authoredStats":{},"upgradeStats":{},"mechanics":{"relic.mechanic-frequency":-0.1,"relic.mechanic-potency":-0.1,"relic.mechanic-buff-effect":0.35,"relic.mechanic-debuff-effect":0.35},"aps":0}]
trench-abyssal-axe	4	weapon	trench	1		cave-cataclysm-axe	{"attack":120}	[{"plus":0,"authoredStats":{"attack":120},"upgradeStats":{},"mechanics":{"weapon.dead-swing-interval":4,"weapon.execute-threshold-pct":0.2,"weapon.execute-dmg-mult":2.5},"aps":1.15},{"plus":3,"authoredStats":{"attack":120},"upgradeStats":{"attack":72},"mechanics":{"weapon.dead-swing-interval":4,"weapon.execute-threshold-pct":0.2,"weapon.execute-dmg-mult":2.5},"aps":1.15},{"plus":4,"authoredStats":{"attack":120},"upgradeStats":{"attack":96},"mechanics":{"weapon.dead-swing-interval":4,"weapon.execute-threshold-pct":0.2,"weapon.execute-dmg-mult":2.5},"aps":1.15},{"plus":5,"authoredStats":{"attack":120},"upgradeStats":{"attack":120},"mechanics":{"weapon.dead-swing-interval":4,"weapon.execute-threshold-pct":0.2,"weapon.execute-dmg-mult":2.5},"aps":1.15}]
trench-vest-t4	4	armor	trench	2		cave-vest-t3	{"maxHp":90,"plating":24,"damageReduction":0.22}	[{"plus":0,"authoredStats":{"maxHp":90,"plating":24,"damageReduction":0.22},"upgradeStats":{},"mechanics":{"defense.sustained-fight-dr-bonus":0.01,"defense.sustained-fight-dr-max":0.05,"defense.sustained-fight-ramptime-ms":10000},"aps":0},{"plus":3,"authoredStats":{"maxHp":90,"plating":24,"damageReduction":0.22},"upgradeStats":{"maxHp":66,"plating":18,"damageReduction":0.06},"mechanics":{"defense.sustained-fight-dr-bonus":0.01,"defense.sustained-fight-dr-max":0.05,"defense.sustained-fight-ramptime-ms":10000},"aps":0},{"plus":4,"authoredStats":{"maxHp":90,"plating":24,"damageReduction":0.22},"upgradeStats":{"maxHp":88,"plating":24,"damageReduction":0.08},"mechanics":{"defense.sustained-fight-dr-bonus":0.01,"defense.sustained-fight-dr-max":0.05,"defense.sustained-fight-ramptime-ms":10000},"aps":0},{"plus":5,"authoredStats":{"maxHp":90,"plating":24,"damageReduction":0.22},"upgradeStats":{"maxHp":110,"plating":30,"damageReduction":0.1},"mechanics":{"defense.sustained-fight-dr-bonus":0.01,"defense.sustained-fight-dr-max":0.05,"defense.sustained-fight-ramptime-ms":10000},"aps":0}]
trench-charm-t4	4	recovery	trench	3			{"recovery":16}	[{"plus":0,"authoredStats":{"recovery":16},"upgradeStats":{},"mechanics":{"defense.absorb-pct":0.16,"defense.recovery-pulse-pct":0.1,"defense.recovery-pulse-interval-ms":8000},"aps":0},{"plus":3,"authoredStats":{"recovery":16},"upgradeStats":{},"mechanics":{"defense.absorb-pct":0.25,"defense.recovery-pulse-pct":0.16,"defense.recovery-pulse-interval-ms":8000},"aps":0},{"plus":4,"authoredStats":{"recovery":16},"upgradeStats":{},"mechanics":{"defense.absorb-pct":0.28,"defense.recovery-pulse-pct":0.18,"defense.recovery-pulse-interval-ms":8000},"aps":0},{"plus":5,"authoredStats":{"recovery":16},"upgradeStats":{},"mechanics":{"defense.absorb-pct":0.31,"defense.recovery-pulse-pct":0.2,"defense.recovery-pulse-interval-ms":8000},"aps":0}]
trench-boots-t4-stalkers	4	mobility	trench	4		cave-boots-t3	{"speed":52}	[{"plus":0,"authoredStats":{"speed":52},"upgradeStats":{},"mechanics":{"mobility.stealth-pct":0.72},"aps":0},{"plus":3,"authoredStats":{"speed":52},"upgradeStats":{"speed":18},"mechanics":{"mobility.stealth-pct":0.72},"aps":0},{"plus":4,"authoredStats":{"speed":52},"upgradeStats":{"speed":24},"mechanics":{"mobility.stealth-pct":0.72},"aps":0},{"plus":5,"authoredStats":{"speed":52},"upgradeStats":{"speed":30},"mechanics":{"mobility.stealth-pct":0.72},"aps":0}]
trench-boots-t4-treaders	4	mobility	trench	4			{"speed":48}	[{"plus":0,"authoredStats":{"speed":48},"upgradeStats":{},"mechanics":{"mobility.tenacity-pct":0.55},"aps":0},{"plus":3,"authoredStats":{"speed":48},"upgradeStats":{"speed":15},"mechanics":{"mobility.tenacity-pct":0.55},"aps":0},{"plus":4,"authoredStats":{"speed":48},"upgradeStats":{"speed":20},"mechanics":{"mobility.tenacity-pct":0.55},"aps":0},{"plus":5,"authoredStats":{"speed":48},"upgradeStats":{"speed":25},"mechanics":{"mobility.tenacity-pct":0.55},"aps":0}]
relic-virulent-hourglass	4	relic	trench	5			{}	[{"plus":0,"authoredStats":{},"upgradeStats":{},"mechanics":{"relic.mechanic-frequency":0.2,"relic.mechanic-potency":-0.2,"relic.mechanic-debuff-effect":0.25},"aps":0}]
