order	case	block	snapshot	root	frame	fixture	seed	arm	capMs
1	op-t1-striker-plains-t1-developed-s101009	A	t1-developed	striker	balanced	node-t1-plains-03	101009	primary	1200000
2	op-t1-striker-plains-t1-developed-s101009-flash	A-W	t1-developed	striker	balanced	node-t1-plains-03	101009	flash-rapier	1200000
3	op-t1-squire-plains-t1-developed-s101009	A	t1-developed	squire	balanced	node-t1-plains-03	101009	primary	1200000
4	op-t1-apprentice-plains-t1-developed-s101009	A	t1-developed	apprentice	balanced	node-t1-plains-03	101009	primary	1200000
5	op-t1-slinger-plains-t1-developed-s101009	A	t1-developed	slinger	balanced	node-t1-plains-03	101009	primary	1200000
6	op-t1-slinger-plains-t1-developed-s101009-flash	A-W	t1-developed	slinger	balanced	node-t1-plains-03	101009	flash-rapier	1200000
7	op-t1-conduit-plains-t1-developed-s101009	A	t1-developed	conduit	balanced	node-t1-plains-03	101009	primary	1200000
8	op-t1-spirit-plains-t1-developed-s101009	A	t1-developed	spirit	balanced	node-t1-plains-03	101009	primary	1200000
9	op-t1-spirit-plains-t1-developed-s101009-flash	A-W	t1-developed	spirit	balanced	node-t1-plains-03	101009	flash-rapier	1200000
10	op-t2-striker-light-jungle-t2-jungle-arrival-s101009	B	t2-jungle-arrival	striker	light	node-t2-jungle-01	101009	primary	1200000
11	op-t2-striker-light-desert-t2-desert-arrival-s101009	B	t2-desert-arrival	striker	light	node-t2-desert-01	101009	primary	1200000
12	op-t2-striker-light-desert-t2-desert-arrival-s101009-cave	B-C	t2-desert-arrival	striker	light	node-t2-desert-01	101009	cave-charm	1200000
13	op-t2-striker-balanced-jungle-t2-jungle-arrival-s101009	B	t2-jungle-arrival	striker	balanced	node-t2-jungle-01	101009	primary	1200000
14	op-t2-striker-balanced-desert-t2-desert-arrival-s101009	B	t2-desert-arrival	striker	balanced	node-t2-desert-01	101009	primary	1200000
15	op-t2-striker-balanced-desert-t2-desert-arrival-s101009-cave	B-C	t2-desert-arrival	striker	balanced	node-t2-desert-01	101009	cave-charm	1200000
16	op-t2-striker-heavy-jungle-t2-jungle-arrival-s101009	B	t2-jungle-arrival	striker	heavy	node-t2-jungle-01	101009	primary	1200000
17	op-t2-striker-heavy-desert-t2-desert-arrival-s101009	B	t2-desert-arrival	striker	heavy	node-t2-desert-01	101009	primary	1200000
18	op-t2-striker-heavy-desert-t2-desert-arrival-s101009-cave	B-C	t2-desert-arrival	striker	heavy	node-t2-desert-01	101009	cave-charm	1200000
19	op-t2-squire-light-jungle-t2-jungle-arrival-s101009	B	t2-jungle-arrival	squire	light	node-t2-jungle-01	101009	primary	1200000
20	op-t2-squire-light-desert-t2-desert-arrival-s101009	B	t2-desert-arrival	squire	light	node-t2-desert-01	101009	primary	1200000
21	op-t2-squire-light-desert-t2-desert-arrival-s101009-cave	B-C	t2-desert-arrival	squire	light	node-t2-desert-01	101009	cave-charm	1200000
22	op-t2-squire-balanced-jungle-t2-jungle-arrival-s101009	B	t2-jungle-arrival	squire	balanced	node-t2-jungle-01	101009	primary	1200000
23	op-t2-squire-balanced-desert-t2-desert-arrival-s101009	B	t2-desert-arrival	squire	balanced	node-t2-desert-01	101009	primary	1200000
24	op-t2-squire-balanced-desert-t2-desert-arrival-s101009-cave	B-C	t2-desert-arrival	squire	balanced	node-t2-desert-01	101009	cave-charm	1200000
25	op-t2-squire-heavy-jungle-t2-jungle-arrival-s101009	B	t2-jungle-arrival	squire	heavy	node-t2-jungle-01	101009	primary	1200000
26	op-t2-squire-heavy-desert-t2-desert-arrival-s101009	B	t2-desert-arrival	squire	heavy	node-t2-desert-01	101009	primary	1200000
27	op-t2-squire-heavy-desert-t2-desert-arrival-s101009-cave	B-C	t2-desert-arrival	squire	heavy	node-t2-desert-01	101009	cave-charm	1200000
28	op-t2-apprentice-light-jungle-t2-jungle-arrival-s101009	B	t2-jungle-arrival	apprentice	light	node-t2-jungle-01	101009	primary	1200000
29	op-t2-apprentice-light-desert-t2-desert-arrival-s101009	B	t2-desert-arrival	apprentice	light	node-t2-desert-01	101009	primary	1200000
30	op-t2-apprentice-balanced-jungle-t2-jungle-arrival-s101009	B	t2-jungle-arrival	apprentice	balanced	node-t2-jungle-01	101009	primary	1200000
31	op-t2-apprentice-balanced-desert-t2-desert-arrival-s101009	B	t2-desert-arrival	apprentice	balanced	node-t2-desert-01	101009	primary	1200000
32	op-t2-apprentice-heavy-jungle-t2-jungle-arrival-s101009	B	t2-jungle-arrival	apprentice	heavy	node-t2-jungle-01	101009	primary	1200000
33	op-t2-apprentice-heavy-desert-t2-desert-arrival-s101009	B	t2-desert-arrival	apprentice	heavy	node-t2-desert-01	101009	primary	1200000
34	op-t2-slinger-light-jungle-t2-jungle-arrival-s101009	B	t2-jungle-arrival	slinger	light	node-t2-jungle-01	101009	primary	1200000
35	op-t2-slinger-light-desert-t2-desert-arrival-s101009	B	t2-desert-arrival	slinger	light	node-t2-desert-01	101009	primary	1200000
36	op-t2-slinger-balanced-jungle-t2-jungle-arrival-s101009	B	t2-jungle-arrival	slinger	balanced	node-t2-jungle-01	101009	primary	1200000
37	op-t2-slinger-balanced-desert-t2-desert-arrival-s101009	B	t2-desert-arrival	slinger	balanced	node-t2-desert-01	101009	primary	1200000
38	op-t2-slinger-heavy-jungle-t2-jungle-arrival-s101009	B	t2-jungle-arrival	slinger	heavy	node-t2-jungle-01	101009	primary	1200000
39	op-t2-slinger-heavy-desert-t2-desert-arrival-s101009	B	t2-desert-arrival	slinger	heavy	node-t2-desert-01	101009	primary	1200000
40	op-t2-conduit-light-jungle-t2-jungle-arrival-s101009	B	t2-jungle-arrival	conduit	light	node-t2-jungle-01	101009	primary	1200000
41	op-t2-conduit-light-desert-t2-desert-arrival-s101009	B	t2-desert-arrival	conduit	light	node-t2-desert-01	101009	primary	1200000
42	op-t2-conduit-balanced-jungle-t2-jungle-arrival-s101009	B	t2-jungle-arrival	conduit	balanced	node-t2-jungle-01	101009	primary	1200000
43	op-t2-conduit-balanced-desert-t2-desert-arrival-s101009	B	t2-desert-arrival	conduit	balanced	node-t2-desert-01	101009	primary	1200000
44	op-t2-conduit-heavy-jungle-t2-jungle-arrival-s101009	B	t2-jungle-arrival	conduit	heavy	node-t2-jungle-01	101009	primary	1200000
45	op-t2-conduit-heavy-desert-t2-desert-arrival-s101009	B	t2-desert-arrival	conduit	heavy	node-t2-desert-01	101009	primary	1200000
46	op-t2-spirit-light-jungle-t2-jungle-arrival-s101009	B	t2-jungle-arrival	spirit	light	node-t2-jungle-01	101009	primary	1200000
47	op-t2-spirit-light-desert-t2-desert-arrival-s101009	B	t2-desert-arrival	spirit	light	node-t2-desert-01	101009	primary	1200000
48	op-t2-spirit-balanced-jungle-t2-jungle-arrival-s101009	B	t2-jungle-arrival	spirit	balanced	node-t2-jungle-01	101009	primary	1200000
49	op-t2-spirit-balanced-desert-t2-desert-arrival-s101009	B	t2-desert-arrival	spirit	balanced	node-t2-desert-01	101009	primary	1200000
50	op-t2-spirit-heavy-jungle-t2-jungle-arrival-s101009	B	t2-jungle-arrival	spirit	heavy	node-t2-jungle-01	101009	primary	1200000
51	op-t2-spirit-heavy-desert-t2-desert-arrival-s101009	B	t2-desert-arrival	spirit	heavy	node-t2-desert-01	101009	primary	1200000
52	op-t1-striker-forest-t1-developed-s101009	A	t1-developed	striker	balanced	node-t1-forest-03	101009	primary	1200000
53	op-t2-striker-light-jungle-t2-jungle-established-s101009	B	t2-jungle-established	striker	light	node-t2-jungle-01	101009	primary	1200000
54	op-t3-striker-light-swamp-t3-developed-s101009	C	t3-developed	striker	light	node-t3-swamp-03	101009	primary	1200000
55	op-t1-striker-plains-boss-s101009	D1	t1-developed	striker	balanced	node-t1-plains-dungeon	101009	primary	300000
56	op-t2-striker-light-plains-boss-s101009	D2	t2-desert-established	striker	light	node-t2-plains-dungeon	101009	primary	300000
57	op-t3-striker-light-mountain-boss-s101009	D3	t3-tundra-arrival	striker	light	node-t3-mountain-dungeon	101009	primary	300000
58	op-t1-striker-swamp-t1-developed-s101009	A	t1-developed	striker	balanced	node-t1-swamp-03	101009	primary	1200000
59	op-t2-striker-light-desert-t2-desert-established-s101009	B	t2-desert-established	striker	light	node-t2-desert-01	101009	primary	1200000
60	op-t2-striker-light-desert-t2-desert-established-s101009-cave	B-C	t2-desert-established	striker	light	node-t2-desert-01	101009	cave-charm	1200000
61	op-t3-striker-light-mountain-t3-developed-s101009	C	t3-developed	striker	light	node-t3-mountain-04	101009	primary	1200000
62	op-t1-striker-mountain-boss-s101009	D1	t1-developed	striker	balanced	node-t1-mountain-dungeon	101009	primary	300000
63	op-t2-striker-light-swamp-boss-s101009	D2	t2-desert-established	striker	light	node-t2-swamp-dungeon	101009	primary	300000
64	op-t3-striker-light-volcanic-boss-s101009	D3	t3-tundra-arrival	striker	light	node-t3-volcanic-dungeon	101009	primary	300000
65	op-t1-striker-mountain-t1-developed-s101009	A	t1-developed	striker	balanced	node-t1-mountain-04	101009	primary	1200000
66	op-t1-striker-mountain-t1-developed-s101009-flash	A-W	t1-developed	striker	balanced	node-t1-mountain-04	101009	flash-rapier	1200000
67	op-t2-striker-balanced-jungle-t2-jungle-established-s101009	B	t2-jungle-established	striker	balanced	node-t2-jungle-01	101009	primary	1200000
68	op-t3-striker-light-cave-t3-developed-s101009	C	t3-developed	striker	light	node-t3-cave-02	101009	primary	1200000
69	op-t1-squire-plains-boss-s101009	D1	t1-developed	squire	balanced	node-t1-plains-dungeon	101009	primary	300000
70	op-t2-striker-balanced-plains-boss-s101009	D2	t2-desert-established	striker	balanced	node-t2-plains-dungeon	101009	primary	300000
71	op-t3-striker-balanced-mountain-boss-s101009	D3	t3-tundra-arrival	striker	balanced	node-t3-mountain-dungeon	101009	primary	300000
72	op-t1-striker-cave-t1-developed-s101009	A	t1-developed	striker	balanced	node-t1-cave-02	101009	primary	1200000
73	op-t2-striker-balanced-desert-t2-desert-established-s101009	B	t2-desert-established	striker	balanced	node-t2-desert-01	101009	primary	1200000
74	op-t2-striker-balanced-desert-t2-desert-established-s101009-cave	B-C	t2-desert-established	striker	balanced	node-t2-desert-01	101009	cave-charm	1200000
75	op-t3-striker-light-jungle-t3-developed-s101009	C	t3-developed	striker	light	node-t3-jungle-01	101009	primary	1200000
76	op-t1-squire-mountain-boss-s101009	D1	t1-developed	squire	balanced	node-t1-mountain-dungeon	101009	primary	300000
77	op-t2-striker-balanced-swamp-boss-s101009	D2	t2-desert-established	striker	balanced	node-t2-swamp-dungeon	101009	primary	300000
78	op-t3-striker-balanced-volcanic-boss-s101009	D3	t3-tundra-arrival	striker	balanced	node-t3-volcanic-dungeon	101009	primary	300000
79	op-t1-striker-plains-t1-complete-s101009	A	t1-complete	striker	balanced	node-t1-plains-03	101009	primary	1200000
80	op-t2-striker-heavy-jungle-t2-jungle-established-s101009	B	t2-jungle-established	striker	heavy	node-t2-jungle-01	101009	primary	1200000
81	op-t3-striker-light-desert-t3-developed-s101009	C	t3-developed	striker	light	node-t3-desert-01	101009	primary	1200000
82	op-t1-apprentice-plains-boss-s101009	D1	t1-developed	apprentice	balanced	node-t1-plains-dungeon	101009	primary	300000
83	op-t2-striker-heavy-plains-boss-s101009	D2	t2-desert-established	striker	heavy	node-t2-plains-dungeon	101009	primary	300000
84	op-t3-striker-heavy-mountain-boss-s101009	D3	t3-tundra-arrival	striker	heavy	node-t3-mountain-dungeon	101009	primary	300000
85	op-t1-striker-forest-t1-complete-s101009	A	t1-complete	striker	balanced	node-t1-forest-03	101009	primary	1200000
86	op-t2-striker-heavy-desert-t2-desert-established-s101009	B	t2-desert-established	striker	heavy	node-t2-desert-01	101009	primary	1200000
87	op-t2-striker-heavy-desert-t2-desert-established-s101009-cave	B-C	t2-desert-established	striker	heavy	node-t2-desert-01	101009	cave-charm	1200000
88	op-t3-striker-light-volcanic-t3-developed-s101009	C	t3-developed	striker	light	node-t3-volcanic-01	101009	primary	1200000
89	op-t1-apprentice-mountain-boss-s101009	D1	t1-developed	apprentice	balanced	node-t1-mountain-dungeon	101009	primary	300000
90	op-t2-striker-heavy-swamp-boss-s101009	D2	t2-desert-established	striker	heavy	node-t2-swamp-dungeon	101009	primary	300000
91	op-t3-striker-heavy-volcanic-boss-s101009	D3	t3-tundra-arrival	striker	heavy	node-t3-volcanic-dungeon	101009	primary	300000
92	op-t1-striker-swamp-t1-complete-s101009	A	t1-complete	striker	balanced	node-t1-swamp-03	101009	primary	1200000
93	op-t2-squire-light-jungle-t2-jungle-established-s101009	B	t2-jungle-established	squire	light	node-t2-jungle-01	101009	primary	1200000
94	op-t3-striker-light-tundra-t3-tundra-arrival-s101009	C	t3-tundra-arrival	striker	light	node-t3-tundra-01	101009	primary	1200000
95	op-t1-slinger-plains-boss-s101009	D1	t1-developed	slinger	balanced	node-t1-plains-dungeon	101009	primary	300000
96	op-t2-squire-light-plains-boss-s101009	D2	t2-desert-established	squire	light	node-t2-plains-dungeon	101009	primary	300000
97	op-t3-squire-light-mountain-boss-s101009	D3	t3-tundra-arrival	squire	light	node-t3-mountain-dungeon	101009	primary	300000
98	op-t1-striker-mountain-t1-complete-s101009	A	t1-complete	striker	balanced	node-t1-mountain-04	101009	primary	1200000
99	op-t2-squire-light-desert-t2-desert-established-s101009	B	t2-desert-established	squire	light	node-t2-desert-01	101009	primary	1200000
100	op-t2-squire-light-desert-t2-desert-established-s101009-cave	B-C	t2-desert-established	squire	light	node-t2-desert-01	101009	cave-charm	1200000
101	op-t3-striker-balanced-swamp-t3-developed-s101009	C	t3-developed	striker	balanced	node-t3-swamp-03	101009	primary	1200000
102	op-t1-slinger-mountain-boss-s101009	D1	t1-developed	slinger	balanced	node-t1-mountain-dungeon	101009	primary	300000
103	op-t2-squire-light-swamp-boss-s101009	D2	t2-desert-established	squire	light	node-t2-swamp-dungeon	101009	primary	300000
104	op-t3-squire-light-volcanic-boss-s101009	D3	t3-tundra-arrival	squire	light	node-t3-volcanic-dungeon	101009	primary	300000
105	op-t1-striker-cave-t1-complete-s101009	A	t1-complete	striker	balanced	node-t1-cave-02	101009	primary	1200000
106	op-t2-squire-balanced-jungle-t2-jungle-established-s101009	B	t2-jungle-established	squire	balanced	node-t2-jungle-01	101009	primary	1200000
107	op-t3-striker-balanced-mountain-t3-developed-s101009	C	t3-developed	striker	balanced	node-t3-mountain-04	101009	primary	1200000
108	op-t1-conduit-plains-boss-s101009	D1	t1-developed	conduit	balanced	node-t1-plains-dungeon	101009	primary	300000
109	op-t2-squire-balanced-plains-boss-s101009	D2	t2-desert-established	squire	balanced	node-t2-plains-dungeon	101009	primary	300000
110	op-t3-squire-balanced-mountain-boss-s101009	D3	t3-tundra-arrival	squire	balanced	node-t3-mountain-dungeon	101009	primary	300000
111	op-t1-squire-forest-t1-developed-s101009	A	t1-developed	squire	balanced	node-t1-forest-03	101009	primary	1200000
112	op-t2-squire-balanced-desert-t2-desert-established-s101009	B	t2-desert-established	squire	balanced	node-t2-desert-01	101009	primary	1200000
113	op-t2-squire-balanced-desert-t2-desert-established-s101009-cave	B-C	t2-desert-established	squire	balanced	node-t2-desert-01	101009	cave-charm	1200000
114	op-t3-striker-balanced-cave-t3-developed-s101009	C	t3-developed	striker	balanced	node-t3-cave-02	101009	primary	1200000
115	op-t1-conduit-mountain-boss-s101009	D1	t1-developed	conduit	balanced	node-t1-mountain-dungeon	101009	primary	300000
116	op-t2-squire-balanced-swamp-boss-s101009	D2	t2-desert-established	squire	balanced	node-t2-swamp-dungeon	101009	primary	300000
117	op-t3-squire-balanced-volcanic-boss-s101009	D3	t3-tundra-arrival	squire	balanced	node-t3-volcanic-dungeon	101009	primary	300000
118	op-t1-squire-swamp-t1-developed-s101009	A	t1-developed	squire	balanced	node-t1-swamp-03	101009	primary	1200000
119	op-t2-squire-heavy-jungle-t2-jungle-established-s101009	B	t2-jungle-established	squire	heavy	node-t2-jungle-01	101009	primary	1200000
120	op-t3-striker-balanced-jungle-t3-developed-s101009	C	t3-developed	striker	balanced	node-t3-jungle-01	101009	primary	1200000
121	op-t1-spirit-plains-boss-s101009	D1	t1-developed	spirit	balanced	node-t1-plains-dungeon	101009	primary	300000
122	op-t2-squire-heavy-plains-boss-s101009	D2	t2-desert-established	squire	heavy	node-t2-plains-dungeon	101009	primary	300000
123	op-t3-squire-heavy-mountain-boss-s101009	D3	t3-tundra-arrival	squire	heavy	node-t3-mountain-dungeon	101009	primary	300000
124	op-t1-squire-mountain-t1-developed-s101009	A	t1-developed	squire	balanced	node-t1-mountain-04	101009	primary	1200000
125	op-t2-squire-heavy-desert-t2-desert-established-s101009	B	t2-desert-established	squire	heavy	node-t2-desert-01	101009	primary	1200000
126	op-t2-squire-heavy-desert-t2-desert-established-s101009-cave	B-C	t2-desert-established	squire	heavy	node-t2-desert-01	101009	cave-charm	1200000
127	op-t3-striker-balanced-desert-t3-developed-s101009	C	t3-developed	striker	balanced	node-t3-desert-01	101009	primary	1200000
128	op-t1-spirit-mountain-boss-s101009	D1	t1-developed	spirit	balanced	node-t1-mountain-dungeon	101009	primary	300000
129	op-t2-squire-heavy-swamp-boss-s101009	D2	t2-desert-established	squire	heavy	node-t2-swamp-dungeon	101009	primary	300000
130	op-t3-squire-heavy-volcanic-boss-s101009	D3	t3-tundra-arrival	squire	heavy	node-t3-volcanic-dungeon	101009	primary	300000
131	op-t1-squire-cave-t1-developed-s101009	A	t1-developed	squire	balanced	node-t1-cave-02	101009	primary	1200000
132	op-t2-apprentice-light-jungle-t2-jungle-established-s101009	B	t2-jungle-established	apprentice	light	node-t2-jungle-01	101009	primary	1200000
133	op-t3-striker-balanced-volcanic-t3-developed-s101009	C	t3-developed	striker	balanced	node-t3-volcanic-01	101009	primary	1200000
134	op-t2-apprentice-light-plains-boss-s101009	D2	t2-desert-established	apprentice	light	node-t2-plains-dungeon	101009	primary	300000
135	op-t3-apprentice-light-mountain-boss-s101009	D3	t3-tundra-arrival	apprentice	light	node-t3-mountain-dungeon	101009	primary	300000
136	op-t1-squire-plains-t1-complete-s101009	A	t1-complete	squire	balanced	node-t1-plains-03	101009	primary	1200000
137	op-t2-apprentice-light-desert-t2-desert-established-s101009	B	t2-desert-established	apprentice	light	node-t2-desert-01	101009	primary	1200000
138	op-t3-striker-balanced-tundra-t3-tundra-arrival-s101009	C	t3-tundra-arrival	striker	balanced	node-t3-tundra-01	101009	primary	1200000
139	op-t2-apprentice-light-swamp-boss-s101009	D2	t2-desert-established	apprentice	light	node-t2-swamp-dungeon	101009	primary	300000
140	op-t3-apprentice-light-volcanic-boss-s101009	D3	t3-tundra-arrival	apprentice	light	node-t3-volcanic-dungeon	101009	primary	300000
141	op-t1-squire-forest-t1-complete-s101009	A	t1-complete	squire	balanced	node-t1-forest-03	101009	primary	1200000
142	op-t2-apprentice-balanced-jungle-t2-jungle-established-s101009	B	t2-jungle-established	apprentice	balanced	node-t2-jungle-01	101009	primary	1200000
143	op-t3-striker-heavy-swamp-t3-developed-s101009	C	t3-developed	striker	heavy	node-t3-swamp-03	101009	primary	1200000
144	op-t2-apprentice-balanced-plains-boss-s101009	D2	t2-desert-established	apprentice	balanced	node-t2-plains-dungeon	101009	primary	300000
145	op-t3-apprentice-balanced-mountain-boss-s101009	D3	t3-tundra-arrival	apprentice	balanced	node-t3-mountain-dungeon	101009	primary	300000
146	op-t1-squire-swamp-t1-complete-s101009	A	t1-complete	squire	balanced	node-t1-swamp-03	101009	primary	1200000
147	op-t2-apprentice-balanced-desert-t2-desert-established-s101009	B	t2-desert-established	apprentice	balanced	node-t2-desert-01	101009	primary	1200000
148	op-t3-striker-heavy-mountain-t3-developed-s101009	C	t3-developed	striker	heavy	node-t3-mountain-04	101009	primary	1200000
149	op-t2-apprentice-balanced-swamp-boss-s101009	D2	t2-desert-established	apprentice	balanced	node-t2-swamp-dungeon	101009	primary	300000
150	op-t3-apprentice-balanced-volcanic-boss-s101009	D3	t3-tundra-arrival	apprentice	balanced	node-t3-volcanic-dungeon	101009	primary	300000
151	op-t1-squire-mountain-t1-complete-s101009	A	t1-complete	squire	balanced	node-t1-mountain-04	101009	primary	1200000
152	op-t2-apprentice-heavy-jungle-t2-jungle-established-s101009	B	t2-jungle-established	apprentice	heavy	node-t2-jungle-01	101009	primary	1200000
153	op-t3-striker-heavy-cave-t3-developed-s101009	C	t3-developed	striker	heavy	node-t3-cave-02	101009	primary	1200000
154	op-t2-apprentice-heavy-plains-boss-s101009	D2	t2-desert-established	apprentice	heavy	node-t2-plains-dungeon	101009	primary	300000
155	op-t3-apprentice-heavy-mountain-boss-s101009	D3	t3-tundra-arrival	apprentice	heavy	node-t3-mountain-dungeon	101009	primary	300000
156	op-t1-squire-cave-t1-complete-s101009	A	t1-complete	squire	balanced	node-t1-cave-02	101009	primary	1200000
157	op-t2-apprentice-heavy-desert-t2-desert-established-s101009	B	t2-desert-established	apprentice	heavy	node-t2-desert-01	101009	primary	1200000
158	op-t3-striker-heavy-jungle-t3-developed-s101009	C	t3-developed	striker	heavy	node-t3-jungle-01	101009	primary	1200000
159	op-t2-apprentice-heavy-swamp-boss-s101009	D2	t2-desert-established	apprentice	heavy	node-t2-swamp-dungeon	101009	primary	300000
160	op-t3-apprentice-heavy-volcanic-boss-s101009	D3	t3-tundra-arrival	apprentice	heavy	node-t3-volcanic-dungeon	101009	primary	300000
161	op-t1-apprentice-forest-t1-developed-s101009	A	t1-developed	apprentice	balanced	node-t1-forest-03	101009	primary	1200000
162	op-t2-slinger-light-jungle-t2-jungle-established-s101009	B	t2-jungle-established	slinger	light	node-t2-jungle-01	101009	primary	1200000
163	op-t3-striker-heavy-desert-t3-developed-s101009	C	t3-developed	striker	heavy	node-t3-desert-01	101009	primary	1200000
164	op-t2-slinger-light-plains-boss-s101009	D2	t2-desert-established	slinger	light	node-t2-plains-dungeon	101009	primary	300000
165	op-t3-slinger-light-mountain-boss-s101009	D3	t3-tundra-arrival	slinger	light	node-t3-mountain-dungeon	101009	primary	300000
166	op-t1-apprentice-swamp-t1-developed-s101009	A	t1-developed	apprentice	balanced	node-t1-swamp-03	101009	primary	1200000
167	op-t2-slinger-light-desert-t2-desert-established-s101009	B	t2-desert-established	slinger	light	node-t2-desert-01	101009	primary	1200000
168	op-t3-striker-heavy-volcanic-t3-developed-s101009	C	t3-developed	striker	heavy	node-t3-volcanic-01	101009	primary	1200000
169	op-t2-slinger-light-swamp-boss-s101009	D2	t2-desert-established	slinger	light	node-t2-swamp-dungeon	101009	primary	300000
170	op-t3-slinger-light-volcanic-boss-s101009	D3	t3-tundra-arrival	slinger	light	node-t3-volcanic-dungeon	101009	primary	300000
171	op-t1-apprentice-mountain-t1-developed-s101009	A	t1-developed	apprentice	balanced	node-t1-mountain-04	101009	primary	1200000
172	op-t2-slinger-balanced-jungle-t2-jungle-established-s101009	B	t2-jungle-established	slinger	balanced	node-t2-jungle-01	101009	primary	1200000
173	op-t3-striker-heavy-tundra-t3-tundra-arrival-s101009	C	t3-tundra-arrival	striker	heavy	node-t3-tundra-01	101009	primary	1200000
174	op-t2-slinger-balanced-plains-boss-s101009	D2	t2-desert-established	slinger	balanced	node-t2-plains-dungeon	101009	primary	300000
175	op-t3-slinger-balanced-mountain-boss-s101009	D3	t3-tundra-arrival	slinger	balanced	node-t3-mountain-dungeon	101009	primary	300000
176	op-t1-apprentice-cave-t1-developed-s101009	A	t1-developed	apprentice	balanced	node-t1-cave-02	101009	primary	1200000
177	op-t2-slinger-balanced-desert-t2-desert-established-s101009	B	t2-desert-established	slinger	balanced	node-t2-desert-01	101009	primary	1200000
178	op-t3-squire-light-swamp-t3-developed-s101009	C	t3-developed	squire	light	node-t3-swamp-03	101009	primary	1200000
179	op-t2-slinger-balanced-swamp-boss-s101009	D2	t2-desert-established	slinger	balanced	node-t2-swamp-dungeon	101009	primary	300000
180	op-t3-slinger-balanced-volcanic-boss-s101009	D3	t3-tundra-arrival	slinger	balanced	node-t3-volcanic-dungeon	101009	primary	300000
181	op-t1-apprentice-plains-t1-complete-s101009	A	t1-complete	apprentice	balanced	node-t1-plains-03	101009	primary	1200000
182	op-t2-slinger-heavy-jungle-t2-jungle-established-s101009	B	t2-jungle-established	slinger	heavy	node-t2-jungle-01	101009	primary	1200000
183	op-t3-squire-light-mountain-t3-developed-s101009	C	t3-developed	squire	light	node-t3-mountain-04	101009	primary	1200000
184	op-t2-slinger-heavy-plains-boss-s101009	D2	t2-desert-established	slinger	heavy	node-t2-plains-dungeon	101009	primary	300000
185	op-t3-slinger-heavy-mountain-boss-s101009	D3	t3-tundra-arrival	slinger	heavy	node-t3-mountain-dungeon	101009	primary	300000
186	op-t1-apprentice-forest-t1-complete-s101009	A	t1-complete	apprentice	balanced	node-t1-forest-03	101009	primary	1200000
187	op-t2-slinger-heavy-desert-t2-desert-established-s101009	B	t2-desert-established	slinger	heavy	node-t2-desert-01	101009	primary	1200000
188	op-t3-squire-light-cave-t3-developed-s101009	C	t3-developed	squire	light	node-t3-cave-02	101009	primary	1200000
189	op-t2-slinger-heavy-swamp-boss-s101009	D2	t2-desert-established	slinger	heavy	node-t2-swamp-dungeon	101009	primary	300000
190	op-t3-slinger-heavy-volcanic-boss-s101009	D3	t3-tundra-arrival	slinger	heavy	node-t3-volcanic-dungeon	101009	primary	300000
191	op-t1-apprentice-swamp-t1-complete-s101009	A	t1-complete	apprentice	balanced	node-t1-swamp-03	101009	primary	1200000
192	op-t2-conduit-light-jungle-t2-jungle-established-s101009	B	t2-jungle-established	conduit	light	node-t2-jungle-01	101009	primary	1200000
193	op-t3-squire-light-jungle-t3-developed-s101009	C	t3-developed	squire	light	node-t3-jungle-01	101009	primary	1200000
194	op-t2-conduit-light-plains-boss-s101009	D2	t2-desert-established	conduit	light	node-t2-plains-dungeon	101009	primary	300000
195	op-t3-conduit-light-mountain-boss-s101009	D3	t3-tundra-arrival	conduit	light	node-t3-mountain-dungeon	101009	primary	300000
196	op-t1-apprentice-mountain-t1-complete-s101009	A	t1-complete	apprentice	balanced	node-t1-mountain-04	101009	primary	1200000
197	op-t2-conduit-light-desert-t2-desert-established-s101009	B	t2-desert-established	conduit	light	node-t2-desert-01	101009	primary	1200000
198	op-t3-squire-light-desert-t3-developed-s101009	C	t3-developed	squire	light	node-t3-desert-01	101009	primary	1200000
199	op-t2-conduit-light-swamp-boss-s101009	D2	t2-desert-established	conduit	light	node-t2-swamp-dungeon	101009	primary	300000
200	op-t3-conduit-light-volcanic-boss-s101009	D3	t3-tundra-arrival	conduit	light	node-t3-volcanic-dungeon	101009	primary	300000
201	op-t1-apprentice-cave-t1-complete-s101009	A	t1-complete	apprentice	balanced	node-t1-cave-02	101009	primary	1200000
202	op-t2-conduit-balanced-jungle-t2-jungle-established-s101009	B	t2-jungle-established	conduit	balanced	node-t2-jungle-01	101009	primary	1200000
203	op-t3-squire-light-volcanic-t3-developed-s101009	C	t3-developed	squire	light	node-t3-volcanic-01	101009	primary	1200000
204	op-t2-conduit-balanced-plains-boss-s101009	D2	t2-desert-established	conduit	balanced	node-t2-plains-dungeon	101009	primary	300000
205	op-t3-conduit-balanced-mountain-boss-s101009	D3	t3-tundra-arrival	conduit	balanced	node-t3-mountain-dungeon	101009	primary	300000
206	op-t1-slinger-forest-t1-developed-s101009	A	t1-developed	slinger	balanced	node-t1-forest-03	101009	primary	1200000
207	op-t2-conduit-balanced-desert-t2-desert-established-s101009	B	t2-desert-established	conduit	balanced	node-t2-desert-01	101009	primary	1200000
208	op-t3-squire-light-tundra-t3-tundra-arrival-s101009	C	t3-tundra-arrival	squire	light	node-t3-tundra-01	101009	primary	1200000
209	op-t2-conduit-balanced-swamp-boss-s101009	D2	t2-desert-established	conduit	balanced	node-t2-swamp-dungeon	101009	primary	300000
210	op-t3-conduit-balanced-volcanic-boss-s101009	D3	t3-tundra-arrival	conduit	balanced	node-t3-volcanic-dungeon	101009	primary	300000
211	op-t1-slinger-swamp-t1-developed-s101009	A	t1-developed	slinger	balanced	node-t1-swamp-03	101009	primary	1200000
212	op-t2-conduit-heavy-jungle-t2-jungle-established-s101009	B	t2-jungle-established	conduit	heavy	node-t2-jungle-01	101009	primary	1200000
213	op-t3-squire-balanced-swamp-t3-developed-s101009	C	t3-developed	squire	balanced	node-t3-swamp-03	101009	primary	1200000
214	op-t2-conduit-heavy-plains-boss-s101009	D2	t2-desert-established	conduit	heavy	node-t2-plains-dungeon	101009	primary	300000
215	op-t3-conduit-heavy-mountain-boss-s101009	D3	t3-tundra-arrival	conduit	heavy	node-t3-mountain-dungeon	101009	primary	300000
216	op-t1-slinger-mountain-t1-developed-s101009	A	t1-developed	slinger	balanced	node-t1-mountain-04	101009	primary	1200000
217	op-t1-slinger-mountain-t1-developed-s101009-flash	A-W	t1-developed	slinger	balanced	node-t1-mountain-04	101009	flash-rapier	1200000
218	op-t2-conduit-heavy-desert-t2-desert-established-s101009	B	t2-desert-established	conduit	heavy	node-t2-desert-01	101009	primary	1200000
219	op-t3-squire-balanced-mountain-t3-developed-s101009	C	t3-developed	squire	balanced	node-t3-mountain-04	101009	primary	1200000
220	op-t2-conduit-heavy-swamp-boss-s101009	D2	t2-desert-established	conduit	heavy	node-t2-swamp-dungeon	101009	primary	300000
221	op-t3-conduit-heavy-volcanic-boss-s101009	D3	t3-tundra-arrival	conduit	heavy	node-t3-volcanic-dungeon	101009	primary	300000
222	op-t1-slinger-cave-t1-developed-s101009	A	t1-developed	slinger	balanced	node-t1-cave-02	101009	primary	1200000
223	op-t2-spirit-light-jungle-t2-jungle-established-s101009	B	t2-jungle-established	spirit	light	node-t2-jungle-01	101009	primary	1200000
224	op-t3-squire-balanced-cave-t3-developed-s101009	C	t3-developed	squire	balanced	node-t3-cave-02	101009	primary	1200000
225	op-t2-spirit-light-plains-boss-s101009	D2	t2-desert-established	spirit	light	node-t2-plains-dungeon	101009	primary	300000
226	op-t3-spirit-light-mountain-boss-s101009	D3	t3-tundra-arrival	spirit	light	node-t3-mountain-dungeon	101009	primary	300000
227	op-t1-slinger-plains-t1-complete-s101009	A	t1-complete	slinger	balanced	node-t1-plains-03	101009	primary	1200000
228	op-t2-spirit-light-desert-t2-desert-established-s101009	B	t2-desert-established	spirit	light	node-t2-desert-01	101009	primary	1200000
229	op-t3-squire-balanced-jungle-t3-developed-s101009	C	t3-developed	squire	balanced	node-t3-jungle-01	101009	primary	1200000
230	op-t2-spirit-light-swamp-boss-s101009	D2	t2-desert-established	spirit	light	node-t2-swamp-dungeon	101009	primary	300000
231	op-t3-spirit-light-volcanic-boss-s101009	D3	t3-tundra-arrival	spirit	light	node-t3-volcanic-dungeon	101009	primary	300000
232	op-t1-slinger-forest-t1-complete-s101009	A	t1-complete	slinger	balanced	node-t1-forest-03	101009	primary	1200000
233	op-t2-spirit-balanced-jungle-t2-jungle-established-s101009	B	t2-jungle-established	spirit	balanced	node-t2-jungle-01	101009	primary	1200000
234	op-t3-squire-balanced-desert-t3-developed-s101009	C	t3-developed	squire	balanced	node-t3-desert-01	101009	primary	1200000
235	op-t2-spirit-balanced-plains-boss-s101009	D2	t2-desert-established	spirit	balanced	node-t2-plains-dungeon	101009	primary	300000
236	op-t3-spirit-balanced-mountain-boss-s101009	D3	t3-tundra-arrival	spirit	balanced	node-t3-mountain-dungeon	101009	primary	300000
237	op-t1-slinger-swamp-t1-complete-s101009	A	t1-complete	slinger	balanced	node-t1-swamp-03	101009	primary	1200000
238	op-t2-spirit-balanced-desert-t2-desert-established-s101009	B	t2-desert-established	spirit	balanced	node-t2-desert-01	101009	primary	1200000
239	op-t3-squire-balanced-volcanic-t3-developed-s101009	C	t3-developed	squire	balanced	node-t3-volcanic-01	101009	primary	1200000
240	op-t2-spirit-balanced-swamp-boss-s101009	D2	t2-desert-established	spirit	balanced	node-t2-swamp-dungeon	101009	primary	300000
241	op-t3-spirit-balanced-volcanic-boss-s101009	D3	t3-tundra-arrival	spirit	balanced	node-t3-volcanic-dungeon	101009	primary	300000
242	op-t1-slinger-mountain-t1-complete-s101009	A	t1-complete	slinger	balanced	node-t1-mountain-04	101009	primary	1200000
243	op-t2-spirit-heavy-jungle-t2-jungle-established-s101009	B	t2-jungle-established	spirit	heavy	node-t2-jungle-01	101009	primary	1200000
244	op-t3-squire-balanced-tundra-t3-tundra-arrival-s101009	C	t3-tundra-arrival	squire	balanced	node-t3-tundra-01	101009	primary	1200000
245	op-t2-spirit-heavy-plains-boss-s101009	D2	t2-desert-established	spirit	heavy	node-t2-plains-dungeon	101009	primary	300000
246	op-t3-spirit-heavy-mountain-boss-s101009	D3	t3-tundra-arrival	spirit	heavy	node-t3-mountain-dungeon	101009	primary	300000
247	op-t1-slinger-cave-t1-complete-s101009	A	t1-complete	slinger	balanced	node-t1-cave-02	101009	primary	1200000
248	op-t2-spirit-heavy-desert-t2-desert-established-s101009	B	t2-desert-established	spirit	heavy	node-t2-desert-01	101009	primary	1200000
249	op-t3-squire-heavy-swamp-t3-developed-s101009	C	t3-developed	squire	heavy	node-t3-swamp-03	101009	primary	1200000
250	op-t2-spirit-heavy-swamp-boss-s101009	D2	t2-desert-established	spirit	heavy	node-t2-swamp-dungeon	101009	primary	300000
251	op-t3-spirit-heavy-volcanic-boss-s101009	D3	t3-tundra-arrival	spirit	heavy	node-t3-volcanic-dungeon	101009	primary	300000
252	op-t1-conduit-forest-t1-developed-s101009	A	t1-developed	conduit	balanced	node-t1-forest-03	101009	primary	1200000
253	op-t3-squire-heavy-mountain-t3-developed-s101009	C	t3-developed	squire	heavy	node-t3-mountain-04	101009	primary	1200000
254	op-t1-conduit-swamp-t1-developed-s101009	A	t1-developed	conduit	balanced	node-t1-swamp-03	101009	primary	1200000
255	op-t3-squire-heavy-cave-t3-developed-s101009	C	t3-developed	squire	heavy	node-t3-cave-02	101009	primary	1200000
256	op-t1-conduit-mountain-t1-developed-s101009	A	t1-developed	conduit	balanced	node-t1-mountain-04	101009	primary	1200000
257	op-t3-squire-heavy-jungle-t3-developed-s101009	C	t3-developed	squire	heavy	node-t3-jungle-01	101009	primary	1200000
258	op-t1-conduit-cave-t1-developed-s101009	A	t1-developed	conduit	balanced	node-t1-cave-02	101009	primary	1200000
259	op-t3-squire-heavy-desert-t3-developed-s101009	C	t3-developed	squire	heavy	node-t3-desert-01	101009	primary	1200000
260	op-t1-conduit-plains-t1-complete-s101009	A	t1-complete	conduit	balanced	node-t1-plains-03	101009	primary	1200000
261	op-t3-squire-heavy-volcanic-t3-developed-s101009	C	t3-developed	squire	heavy	node-t3-volcanic-01	101009	primary	1200000
262	op-t1-conduit-forest-t1-complete-s101009	A	t1-complete	conduit	balanced	node-t1-forest-03	101009	primary	1200000
263	op-t3-squire-heavy-tundra-t3-tundra-arrival-s101009	C	t3-tundra-arrival	squire	heavy	node-t3-tundra-01	101009	primary	1200000
264	op-t1-conduit-swamp-t1-complete-s101009	A	t1-complete	conduit	balanced	node-t1-swamp-03	101009	primary	1200000
265	op-t3-apprentice-light-swamp-t3-developed-s101009	C	t3-developed	apprentice	light	node-t3-swamp-03	101009	primary	1200000
266	op-t1-conduit-mountain-t1-complete-s101009	A	t1-complete	conduit	balanced	node-t1-mountain-04	101009	primary	1200000
267	op-t3-apprentice-light-mountain-t3-developed-s101009	C	t3-developed	apprentice	light	node-t3-mountain-04	101009	primary	1200000
268	op-t1-conduit-cave-t1-complete-s101009	A	t1-complete	conduit	balanced	node-t1-cave-02	101009	primary	1200000
269	op-t3-apprentice-light-cave-t3-developed-s101009	C	t3-developed	apprentice	light	node-t3-cave-02	101009	primary	1200000
270	op-t1-spirit-forest-t1-developed-s101009	A	t1-developed	spirit	balanced	node-t1-forest-03	101009	primary	1200000
271	op-t3-apprentice-light-jungle-t3-developed-s101009	C	t3-developed	apprentice	light	node-t3-jungle-01	101009	primary	1200000
272	op-t1-spirit-swamp-t1-developed-s101009	A	t1-developed	spirit	balanced	node-t1-swamp-03	101009	primary	1200000
273	op-t3-apprentice-light-desert-t3-developed-s101009	C	t3-developed	apprentice	light	node-t3-desert-01	101009	primary	1200000
274	op-t1-spirit-mountain-t1-developed-s101009	A	t1-developed	spirit	balanced	node-t1-mountain-04	101009	primary	1200000
275	op-t1-spirit-mountain-t1-developed-s101009-flash	A-W	t1-developed	spirit	balanced	node-t1-mountain-04	101009	flash-rapier	1200000
276	op-t3-apprentice-light-volcanic-t3-developed-s101009	C	t3-developed	apprentice	light	node-t3-volcanic-01	101009	primary	1200000
277	op-t1-spirit-cave-t1-developed-s101009	A	t1-developed	spirit	balanced	node-t1-cave-02	101009	primary	1200000
278	op-t3-apprentice-light-tundra-t3-tundra-arrival-s101009	C	t3-tundra-arrival	apprentice	light	node-t3-tundra-01	101009	primary	1200000
279	op-t1-spirit-plains-t1-complete-s101009	A	t1-complete	spirit	balanced	node-t1-plains-03	101009	primary	1200000
280	op-t3-apprentice-balanced-swamp-t3-developed-s101009	C	t3-developed	apprentice	balanced	node-t3-swamp-03	101009	primary	1200000
281	op-t1-spirit-forest-t1-complete-s101009	A	t1-complete	spirit	balanced	node-t1-forest-03	101009	primary	1200000
282	op-t3-apprentice-balanced-mountain-t3-developed-s101009	C	t3-developed	apprentice	balanced	node-t3-mountain-04	101009	primary	1200000
283	op-t1-spirit-swamp-t1-complete-s101009	A	t1-complete	spirit	balanced	node-t1-swamp-03	101009	primary	1200000
284	op-t3-apprentice-balanced-cave-t3-developed-s101009	C	t3-developed	apprentice	balanced	node-t3-cave-02	101009	primary	1200000
285	op-t1-spirit-mountain-t1-complete-s101009	A	t1-complete	spirit	balanced	node-t1-mountain-04	101009	primary	1200000
286	op-t3-apprentice-balanced-jungle-t3-developed-s101009	C	t3-developed	apprentice	balanced	node-t3-jungle-01	101009	primary	1200000
287	op-t1-spirit-cave-t1-complete-s101009	A	t1-complete	spirit	balanced	node-t1-cave-02	101009	primary	1200000
288	op-t3-apprentice-balanced-desert-t3-developed-s101009	C	t3-developed	apprentice	balanced	node-t3-desert-01	101009	primary	1200000
289	op-t3-apprentice-balanced-volcanic-t3-developed-s101009	C	t3-developed	apprentice	balanced	node-t3-volcanic-01	101009	primary	1200000
290	op-t3-apprentice-balanced-tundra-t3-tundra-arrival-s101009	C	t3-tundra-arrival	apprentice	balanced	node-t3-tundra-01	101009	primary	1200000
291	op-t3-apprentice-heavy-swamp-t3-developed-s101009	C	t3-developed	apprentice	heavy	node-t3-swamp-03	101009	primary	1200000
292	op-t3-apprentice-heavy-mountain-t3-developed-s101009	C	t3-developed	apprentice	heavy	node-t3-mountain-04	101009	primary	1200000
293	op-t3-apprentice-heavy-cave-t3-developed-s101009	C	t3-developed	apprentice	heavy	node-t3-cave-02	101009	primary	1200000
294	op-t3-apprentice-heavy-jungle-t3-developed-s101009	C	t3-developed	apprentice	heavy	node-t3-jungle-01	101009	primary	1200000
295	op-t3-apprentice-heavy-desert-t3-developed-s101009	C	t3-developed	apprentice	heavy	node-t3-desert-01	101009	primary	1200000
296	op-t3-apprentice-heavy-volcanic-t3-developed-s101009	C	t3-developed	apprentice	heavy	node-t3-volcanic-01	101009	primary	1200000
297	op-t3-apprentice-heavy-tundra-t3-tundra-arrival-s101009	C	t3-tundra-arrival	apprentice	heavy	node-t3-tundra-01	101009	primary	1200000
298	op-t3-slinger-light-swamp-t3-developed-s101009	C	t3-developed	slinger	light	node-t3-swamp-03	101009	primary	1200000
299	op-t3-slinger-light-mountain-t3-developed-s101009	C	t3-developed	slinger	light	node-t3-mountain-04	101009	primary	1200000
300	op-t3-slinger-light-cave-t3-developed-s101009	C	t3-developed	slinger	light	node-t3-cave-02	101009	primary	1200000
301	op-t3-slinger-light-jungle-t3-developed-s101009	C	t3-developed	slinger	light	node-t3-jungle-01	101009	primary	1200000
302	op-t3-slinger-light-desert-t3-developed-s101009	C	t3-developed	slinger	light	node-t3-desert-01	101009	primary	1200000
303	op-t3-slinger-light-volcanic-t3-developed-s101009	C	t3-developed	slinger	light	node-t3-volcanic-01	101009	primary	1200000
304	op-t3-slinger-light-tundra-t3-tundra-arrival-s101009	C	t3-tundra-arrival	slinger	light	node-t3-tundra-01	101009	primary	1200000
305	op-t3-slinger-balanced-swamp-t3-developed-s101009	C	t3-developed	slinger	balanced	node-t3-swamp-03	101009	primary	1200000
306	op-t3-slinger-balanced-mountain-t3-developed-s101009	C	t3-developed	slinger	balanced	node-t3-mountain-04	101009	primary	1200000
307	op-t3-slinger-balanced-cave-t3-developed-s101009	C	t3-developed	slinger	balanced	node-t3-cave-02	101009	primary	1200000
308	op-t3-slinger-balanced-jungle-t3-developed-s101009	C	t3-developed	slinger	balanced	node-t3-jungle-01	101009	primary	1200000
309	op-t3-slinger-balanced-desert-t3-developed-s101009	C	t3-developed	slinger	balanced	node-t3-desert-01	101009	primary	1200000
310	op-t3-slinger-balanced-volcanic-t3-developed-s101009	C	t3-developed	slinger	balanced	node-t3-volcanic-01	101009	primary	1200000
311	op-t3-slinger-balanced-tundra-t3-tundra-arrival-s101009	C	t3-tundra-arrival	slinger	balanced	node-t3-tundra-01	101009	primary	1200000
312	op-t3-slinger-heavy-swamp-t3-developed-s101009	C	t3-developed	slinger	heavy	node-t3-swamp-03	101009	primary	1200000
313	op-t3-slinger-heavy-mountain-t3-developed-s101009	C	t3-developed	slinger	heavy	node-t3-mountain-04	101009	primary	1200000
314	op-t3-slinger-heavy-cave-t3-developed-s101009	C	t3-developed	slinger	heavy	node-t3-cave-02	101009	primary	1200000
315	op-t3-slinger-heavy-jungle-t3-developed-s101009	C	t3-developed	slinger	heavy	node-t3-jungle-01	101009	primary	1200000
316	op-t3-slinger-heavy-desert-t3-developed-s101009	C	t3-developed	slinger	heavy	node-t3-desert-01	101009	primary	1200000
317	op-t3-slinger-heavy-volcanic-t3-developed-s101009	C	t3-developed	slinger	heavy	node-t3-volcanic-01	101009	primary	1200000
318	op-t3-slinger-heavy-tundra-t3-tundra-arrival-s101009	C	t3-tundra-arrival	slinger	heavy	node-t3-tundra-01	101009	primary	1200000
319	op-t3-conduit-light-swamp-t3-developed-s101009	C	t3-developed	conduit	light	node-t3-swamp-03	101009	primary	1200000
320	op-t3-conduit-light-mountain-t3-developed-s101009	C	t3-developed	conduit	light	node-t3-mountain-04	101009	primary	1200000
321	op-t3-conduit-light-cave-t3-developed-s101009	C	t3-developed	conduit	light	node-t3-cave-02	101009	primary	1200000
322	op-t3-conduit-light-jungle-t3-developed-s101009	C	t3-developed	conduit	light	node-t3-jungle-01	101009	primary	1200000
323	op-t3-conduit-light-desert-t3-developed-s101009	C	t3-developed	conduit	light	node-t3-desert-01	101009	primary	1200000
324	op-t3-conduit-light-volcanic-t3-developed-s101009	C	t3-developed	conduit	light	node-t3-volcanic-01	101009	primary	1200000
325	op-t3-conduit-light-tundra-t3-tundra-arrival-s101009	C	t3-tundra-arrival	conduit	light	node-t3-tundra-01	101009	primary	1200000
326	op-t3-conduit-balanced-swamp-t3-developed-s101009	C	t3-developed	conduit	balanced	node-t3-swamp-03	101009	primary	1200000
327	op-t3-conduit-balanced-mountain-t3-developed-s101009	C	t3-developed	conduit	balanced	node-t3-mountain-04	101009	primary	1200000
328	op-t3-conduit-balanced-cave-t3-developed-s101009	C	t3-developed	conduit	balanced	node-t3-cave-02	101009	primary	1200000
329	op-t3-conduit-balanced-jungle-t3-developed-s101009	C	t3-developed	conduit	balanced	node-t3-jungle-01	101009	primary	1200000
330	op-t3-conduit-balanced-desert-t3-developed-s101009	C	t3-developed	conduit	balanced	node-t3-desert-01	101009	primary	1200000
331	op-t3-conduit-balanced-volcanic-t3-developed-s101009	C	t3-developed	conduit	balanced	node-t3-volcanic-01	101009	primary	1200000
332	op-t3-conduit-balanced-tundra-t3-tundra-arrival-s101009	C	t3-tundra-arrival	conduit	balanced	node-t3-tundra-01	101009	primary	1200000
333	op-t3-conduit-heavy-swamp-t3-developed-s101009	C	t3-developed	conduit	heavy	node-t3-swamp-03	101009	primary	1200000
334	op-t3-conduit-heavy-mountain-t3-developed-s101009	C	t3-developed	conduit	heavy	node-t3-mountain-04	101009	primary	1200000
335	op-t3-conduit-heavy-cave-t3-developed-s101009	C	t3-developed	conduit	heavy	node-t3-cave-02	101009	primary	1200000
336	op-t3-conduit-heavy-jungle-t3-developed-s101009	C	t3-developed	conduit	heavy	node-t3-jungle-01	101009	primary	1200000
337	op-t3-conduit-heavy-desert-t3-developed-s101009	C	t3-developed	conduit	heavy	node-t3-desert-01	101009	primary	1200000
338	op-t3-conduit-heavy-volcanic-t3-developed-s101009	C	t3-developed	conduit	heavy	node-t3-volcanic-01	101009	primary	1200000
339	op-t3-conduit-heavy-tundra-t3-tundra-arrival-s101009	C	t3-tundra-arrival	conduit	heavy	node-t3-tundra-01	101009	primary	1200000
340	op-t3-spirit-light-swamp-t3-developed-s101009	C	t3-developed	spirit	light	node-t3-swamp-03	101009	primary	1200000
341	op-t3-spirit-light-mountain-t3-developed-s101009	C	t3-developed	spirit	light	node-t3-mountain-04	101009	primary	1200000
342	op-t3-spirit-light-cave-t3-developed-s101009	C	t3-developed	spirit	light	node-t3-cave-02	101009	primary	1200000
343	op-t3-spirit-light-jungle-t3-developed-s101009	C	t3-developed	spirit	light	node-t3-jungle-01	101009	primary	1200000
344	op-t3-spirit-light-desert-t3-developed-s101009	C	t3-developed	spirit	light	node-t3-desert-01	101009	primary	1200000
345	op-t3-spirit-light-volcanic-t3-developed-s101009	C	t3-developed	spirit	light	node-t3-volcanic-01	101009	primary	1200000
346	op-t3-spirit-light-tundra-t3-tundra-arrival-s101009	C	t3-tundra-arrival	spirit	light	node-t3-tundra-01	101009	primary	1200000
347	op-t3-spirit-balanced-swamp-t3-developed-s101009	C	t3-developed	spirit	balanced	node-t3-swamp-03	101009	primary	1200000
348	op-t3-spirit-balanced-mountain-t3-developed-s101009	C	t3-developed	spirit	balanced	node-t3-mountain-04	101009	primary	1200000
349	op-t3-spirit-balanced-cave-t3-developed-s101009	C	t3-developed	spirit	balanced	node-t3-cave-02	101009	primary	1200000
350	op-t3-spirit-balanced-jungle-t3-developed-s101009	C	t3-developed	spirit	balanced	node-t3-jungle-01	101009	primary	1200000
351	op-t3-spirit-balanced-desert-t3-developed-s101009	C	t3-developed	spirit	balanced	node-t3-desert-01	101009	primary	1200000
352	op-t3-spirit-balanced-volcanic-t3-developed-s101009	C	t3-developed	spirit	balanced	node-t3-volcanic-01	101009	primary	1200000
353	op-t3-spirit-balanced-tundra-t3-tundra-arrival-s101009	C	t3-tundra-arrival	spirit	balanced	node-t3-tundra-01	101009	primary	1200000
354	op-t3-spirit-heavy-swamp-t3-developed-s101009	C	t3-developed	spirit	heavy	node-t3-swamp-03	101009	primary	1200000
355	op-t3-spirit-heavy-mountain-t3-developed-s101009	C	t3-developed	spirit	heavy	node-t3-mountain-04	101009	primary	1200000
356	op-t3-spirit-heavy-cave-t3-developed-s101009	C	t3-developed	spirit	heavy	node-t3-cave-02	101009	primary	1200000
357	op-t3-spirit-heavy-jungle-t3-developed-s101009	C	t3-developed	spirit	heavy	node-t3-jungle-01	101009	primary	1200000
358	op-t3-spirit-heavy-desert-t3-developed-s101009	C	t3-developed	spirit	heavy	node-t3-desert-01	101009	primary	1200000
359	op-t3-spirit-heavy-volcanic-t3-developed-s101009	C	t3-developed	spirit	heavy	node-t3-volcanic-01	101009	primary	1200000
360	op-t3-spirit-heavy-tundra-t3-tundra-arrival-s101009	C	t3-tundra-arrival	spirit	heavy	node-t3-tundra-01	101009	primary	1200000
361	op-t1-striker-plains-t1-developed-s101033-flash	A-W	t1-developed	striker	balanced	node-t1-plains-03	101033	flash-rapier	1200000
362	op-t1-striker-plains-t1-developed-s101033	A	t1-developed	striker	balanced	node-t1-plains-03	101033	primary	1200000
363	op-t1-squire-plains-t1-developed-s101033	A	t1-developed	squire	balanced	node-t1-plains-03	101033	primary	1200000
364	op-t1-apprentice-plains-t1-developed-s101033	A	t1-developed	apprentice	balanced	node-t1-plains-03	101033	primary	1200000
365	op-t1-slinger-plains-t1-developed-s101033-flash	A-W	t1-developed	slinger	balanced	node-t1-plains-03	101033	flash-rapier	1200000
366	op-t1-slinger-plains-t1-developed-s101033	A	t1-developed	slinger	balanced	node-t1-plains-03	101033	primary	1200000
367	op-t1-conduit-plains-t1-developed-s101033	A	t1-developed	conduit	balanced	node-t1-plains-03	101033	primary	1200000
368	op-t1-spirit-plains-t1-developed-s101033-flash	A-W	t1-developed	spirit	balanced	node-t1-plains-03	101033	flash-rapier	1200000
369	op-t1-spirit-plains-t1-developed-s101033	A	t1-developed	spirit	balanced	node-t1-plains-03	101033	primary	1200000
370	op-t2-striker-light-jungle-t2-jungle-arrival-s101033	B	t2-jungle-arrival	striker	light	node-t2-jungle-01	101033	primary	1200000
371	op-t2-striker-light-desert-t2-desert-arrival-s101033-cave	B-C	t2-desert-arrival	striker	light	node-t2-desert-01	101033	cave-charm	1200000
372	op-t2-striker-light-desert-t2-desert-arrival-s101033	B	t2-desert-arrival	striker	light	node-t2-desert-01	101033	primary	1200000
373	op-t2-striker-balanced-jungle-t2-jungle-arrival-s101033	B	t2-jungle-arrival	striker	balanced	node-t2-jungle-01	101033	primary	1200000
374	op-t2-striker-balanced-desert-t2-desert-arrival-s101033-cave	B-C	t2-desert-arrival	striker	balanced	node-t2-desert-01	101033	cave-charm	1200000
375	op-t2-striker-balanced-desert-t2-desert-arrival-s101033	B	t2-desert-arrival	striker	balanced	node-t2-desert-01	101033	primary	1200000
376	op-t2-striker-heavy-jungle-t2-jungle-arrival-s101033	B	t2-jungle-arrival	striker	heavy	node-t2-jungle-01	101033	primary	1200000
377	op-t2-striker-heavy-desert-t2-desert-arrival-s101033-cave	B-C	t2-desert-arrival	striker	heavy	node-t2-desert-01	101033	cave-charm	1200000
378	op-t2-striker-heavy-desert-t2-desert-arrival-s101033	B	t2-desert-arrival	striker	heavy	node-t2-desert-01	101033	primary	1200000
379	op-t2-squire-light-jungle-t2-jungle-arrival-s101033	B	t2-jungle-arrival	squire	light	node-t2-jungle-01	101033	primary	1200000
380	op-t2-squire-light-desert-t2-desert-arrival-s101033-cave	B-C	t2-desert-arrival	squire	light	node-t2-desert-01	101033	cave-charm	1200000
381	op-t2-squire-light-desert-t2-desert-arrival-s101033	B	t2-desert-arrival	squire	light	node-t2-desert-01	101033	primary	1200000
382	op-t2-squire-balanced-jungle-t2-jungle-arrival-s101033	B	t2-jungle-arrival	squire	balanced	node-t2-jungle-01	101033	primary	1200000
383	op-t2-squire-balanced-desert-t2-desert-arrival-s101033-cave	B-C	t2-desert-arrival	squire	balanced	node-t2-desert-01	101033	cave-charm	1200000
384	op-t2-squire-balanced-desert-t2-desert-arrival-s101033	B	t2-desert-arrival	squire	balanced	node-t2-desert-01	101033	primary	1200000
385	op-t2-squire-heavy-jungle-t2-jungle-arrival-s101033	B	t2-jungle-arrival	squire	heavy	node-t2-jungle-01	101033	primary	1200000
386	op-t2-squire-heavy-desert-t2-desert-arrival-s101033-cave	B-C	t2-desert-arrival	squire	heavy	node-t2-desert-01	101033	cave-charm	1200000
387	op-t2-squire-heavy-desert-t2-desert-arrival-s101033	B	t2-desert-arrival	squire	heavy	node-t2-desert-01	101033	primary	1200000
388	op-t2-apprentice-light-jungle-t2-jungle-arrival-s101033	B	t2-jungle-arrival	apprentice	light	node-t2-jungle-01	101033	primary	1200000
389	op-t2-apprentice-light-desert-t2-desert-arrival-s101033	B	t2-desert-arrival	apprentice	light	node-t2-desert-01	101033	primary	1200000
390	op-t2-apprentice-balanced-jungle-t2-jungle-arrival-s101033	B	t2-jungle-arrival	apprentice	balanced	node-t2-jungle-01	101033	primary	1200000
391	op-t2-apprentice-balanced-desert-t2-desert-arrival-s101033	B	t2-desert-arrival	apprentice	balanced	node-t2-desert-01	101033	primary	1200000
392	op-t2-apprentice-heavy-jungle-t2-jungle-arrival-s101033	B	t2-jungle-arrival	apprentice	heavy	node-t2-jungle-01	101033	primary	1200000
393	op-t2-apprentice-heavy-desert-t2-desert-arrival-s101033	B	t2-desert-arrival	apprentice	heavy	node-t2-desert-01	101033	primary	1200000
394	op-t2-slinger-light-jungle-t2-jungle-arrival-s101033	B	t2-jungle-arrival	slinger	light	node-t2-jungle-01	101033	primary	1200000
395	op-t2-slinger-light-desert-t2-desert-arrival-s101033	B	t2-desert-arrival	slinger	light	node-t2-desert-01	101033	primary	1200000
396	op-t2-slinger-balanced-jungle-t2-jungle-arrival-s101033	B	t2-jungle-arrival	slinger	balanced	node-t2-jungle-01	101033	primary	1200000
397	op-t2-slinger-balanced-desert-t2-desert-arrival-s101033	B	t2-desert-arrival	slinger	balanced	node-t2-desert-01	101033	primary	1200000
398	op-t2-slinger-heavy-jungle-t2-jungle-arrival-s101033	B	t2-jungle-arrival	slinger	heavy	node-t2-jungle-01	101033	primary	1200000
399	op-t2-slinger-heavy-desert-t2-desert-arrival-s101033	B	t2-desert-arrival	slinger	heavy	node-t2-desert-01	101033	primary	1200000
400	op-t2-conduit-light-jungle-t2-jungle-arrival-s101033	B	t2-jungle-arrival	conduit	light	node-t2-jungle-01	101033	primary	1200000
401	op-t2-conduit-light-desert-t2-desert-arrival-s101033	B	t2-desert-arrival	conduit	light	node-t2-desert-01	101033	primary	1200000
402	op-t2-conduit-balanced-jungle-t2-jungle-arrival-s101033	B	t2-jungle-arrival	conduit	balanced	node-t2-jungle-01	101033	primary	1200000
403	op-t2-conduit-balanced-desert-t2-desert-arrival-s101033	B	t2-desert-arrival	conduit	balanced	node-t2-desert-01	101033	primary	1200000
404	op-t2-conduit-heavy-jungle-t2-jungle-arrival-s101033	B	t2-jungle-arrival	conduit	heavy	node-t2-jungle-01	101033	primary	1200000
405	op-t2-conduit-heavy-desert-t2-desert-arrival-s101033	B	t2-desert-arrival	conduit	heavy	node-t2-desert-01	101033	primary	1200000
406	op-t2-spirit-light-jungle-t2-jungle-arrival-s101033	B	t2-jungle-arrival	spirit	light	node-t2-jungle-01	101033	primary	1200000
407	op-t2-spirit-light-desert-t2-desert-arrival-s101033	B	t2-desert-arrival	spirit	light	node-t2-desert-01	101033	primary	1200000
408	op-t2-spirit-balanced-jungle-t2-jungle-arrival-s101033	B	t2-jungle-arrival	spirit	balanced	node-t2-jungle-01	101033	primary	1200000
409	op-t2-spirit-balanced-desert-t2-desert-arrival-s101033	B	t2-desert-arrival	spirit	balanced	node-t2-desert-01	101033	primary	1200000
410	op-t2-spirit-heavy-jungle-t2-jungle-arrival-s101033	B	t2-jungle-arrival	spirit	heavy	node-t2-jungle-01	101033	primary	1200000
411	op-t2-spirit-heavy-desert-t2-desert-arrival-s101033	B	t2-desert-arrival	spirit	heavy	node-t2-desert-01	101033	primary	1200000
412	op-t1-striker-forest-t1-developed-s101033	A	t1-developed	striker	balanced	node-t1-forest-03	101033	primary	1200000
413	op-t2-striker-light-jungle-t2-jungle-established-s101033	B	t2-jungle-established	striker	light	node-t2-jungle-01	101033	primary	1200000
414	op-t3-striker-light-swamp-t3-developed-s101033	C	t3-developed	striker	light	node-t3-swamp-03	101033	primary	1200000
415	op-t1-striker-plains-boss-s101033	D1	t1-developed	striker	balanced	node-t1-plains-dungeon	101033	primary	300000
416	op-t2-striker-light-plains-boss-s101033	D2	t2-desert-established	striker	light	node-t2-plains-dungeon	101033	primary	300000
417	op-t3-striker-light-mountain-boss-s101033	D3	t3-tundra-arrival	striker	light	node-t3-mountain-dungeon	101033	primary	300000
418	op-t1-striker-swamp-t1-developed-s101033	A	t1-developed	striker	balanced	node-t1-swamp-03	101033	primary	1200000
419	op-t2-striker-light-desert-t2-desert-established-s101033-cave	B-C	t2-desert-established	striker	light	node-t2-desert-01	101033	cave-charm	1200000
420	op-t2-striker-light-desert-t2-desert-established-s101033	B	t2-desert-established	striker	light	node-t2-desert-01	101033	primary	1200000
421	op-t3-striker-light-mountain-t3-developed-s101033	C	t3-developed	striker	light	node-t3-mountain-04	101033	primary	1200000
422	op-t1-striker-mountain-boss-s101033	D1	t1-developed	striker	balanced	node-t1-mountain-dungeon	101033	primary	300000
423	op-t2-striker-light-swamp-boss-s101033	D2	t2-desert-established	striker	light	node-t2-swamp-dungeon	101033	primary	300000
424	op-t3-striker-light-volcanic-boss-s101033	D3	t3-tundra-arrival	striker	light	node-t3-volcanic-dungeon	101033	primary	300000
425	op-t1-striker-mountain-t1-developed-s101033-flash	A-W	t1-developed	striker	balanced	node-t1-mountain-04	101033	flash-rapier	1200000
426	op-t1-striker-mountain-t1-developed-s101033	A	t1-developed	striker	balanced	node-t1-mountain-04	101033	primary	1200000
427	op-t2-striker-balanced-jungle-t2-jungle-established-s101033	B	t2-jungle-established	striker	balanced	node-t2-jungle-01	101033	primary	1200000
428	op-t3-striker-light-cave-t3-developed-s101033	C	t3-developed	striker	light	node-t3-cave-02	101033	primary	1200000
429	op-t1-squire-plains-boss-s101033	D1	t1-developed	squire	balanced	node-t1-plains-dungeon	101033	primary	300000
430	op-t2-striker-balanced-plains-boss-s101033	D2	t2-desert-established	striker	balanced	node-t2-plains-dungeon	101033	primary	300000
431	op-t3-striker-balanced-mountain-boss-s101033	D3	t3-tundra-arrival	striker	balanced	node-t3-mountain-dungeon	101033	primary	300000
432	op-t1-striker-cave-t1-developed-s101033	A	t1-developed	striker	balanced	node-t1-cave-02	101033	primary	1200000
433	op-t2-striker-balanced-desert-t2-desert-established-s101033-cave	B-C	t2-desert-established	striker	balanced	node-t2-desert-01	101033	cave-charm	1200000
434	op-t2-striker-balanced-desert-t2-desert-established-s101033	B	t2-desert-established	striker	balanced	node-t2-desert-01	101033	primary	1200000
435	op-t3-striker-light-jungle-t3-developed-s101033	C	t3-developed	striker	light	node-t3-jungle-01	101033	primary	1200000
436	op-t1-squire-mountain-boss-s101033	D1	t1-developed	squire	balanced	node-t1-mountain-dungeon	101033	primary	300000
437	op-t2-striker-balanced-swamp-boss-s101033	D2	t2-desert-established	striker	balanced	node-t2-swamp-dungeon	101033	primary	300000
438	op-t3-striker-balanced-volcanic-boss-s101033	D3	t3-tundra-arrival	striker	balanced	node-t3-volcanic-dungeon	101033	primary	300000
439	op-t1-striker-plains-t1-complete-s101033	A	t1-complete	striker	balanced	node-t1-plains-03	101033	primary	1200000
440	op-t2-striker-heavy-jungle-t2-jungle-established-s101033	B	t2-jungle-established	striker	heavy	node-t2-jungle-01	101033	primary	1200000
441	op-t3-striker-light-desert-t3-developed-s101033	C	t3-developed	striker	light	node-t3-desert-01	101033	primary	1200000
442	op-t1-apprentice-plains-boss-s101033	D1	t1-developed	apprentice	balanced	node-t1-plains-dungeon	101033	primary	300000
443	op-t2-striker-heavy-plains-boss-s101033	D2	t2-desert-established	striker	heavy	node-t2-plains-dungeon	101033	primary	300000
444	op-t3-striker-heavy-mountain-boss-s101033	D3	t3-tundra-arrival	striker	heavy	node-t3-mountain-dungeon	101033	primary	300000
445	op-t1-striker-forest-t1-complete-s101033	A	t1-complete	striker	balanced	node-t1-forest-03	101033	primary	1200000
446	op-t2-striker-heavy-desert-t2-desert-established-s101033-cave	B-C	t2-desert-established	striker	heavy	node-t2-desert-01	101033	cave-charm	1200000
447	op-t2-striker-heavy-desert-t2-desert-established-s101033	B	t2-desert-established	striker	heavy	node-t2-desert-01	101033	primary	1200000
448	op-t3-striker-light-volcanic-t3-developed-s101033	C	t3-developed	striker	light	node-t3-volcanic-01	101033	primary	1200000
449	op-t1-apprentice-mountain-boss-s101033	D1	t1-developed	apprentice	balanced	node-t1-mountain-dungeon	101033	primary	300000
450	op-t2-striker-heavy-swamp-boss-s101033	D2	t2-desert-established	striker	heavy	node-t2-swamp-dungeon	101033	primary	300000
451	op-t3-striker-heavy-volcanic-boss-s101033	D3	t3-tundra-arrival	striker	heavy	node-t3-volcanic-dungeon	101033	primary	300000
452	op-t1-striker-swamp-t1-complete-s101033	A	t1-complete	striker	balanced	node-t1-swamp-03	101033	primary	1200000
453	op-t2-squire-light-jungle-t2-jungle-established-s101033	B	t2-jungle-established	squire	light	node-t2-jungle-01	101033	primary	1200000
454	op-t3-striker-light-tundra-t3-tundra-arrival-s101033	C	t3-tundra-arrival	striker	light	node-t3-tundra-01	101033	primary	1200000
455	op-t1-slinger-plains-boss-s101033	D1	t1-developed	slinger	balanced	node-t1-plains-dungeon	101033	primary	300000
456	op-t2-squire-light-plains-boss-s101033	D2	t2-desert-established	squire	light	node-t2-plains-dungeon	101033	primary	300000
457	op-t3-squire-light-mountain-boss-s101033	D3	t3-tundra-arrival	squire	light	node-t3-mountain-dungeon	101033	primary	300000
458	op-t1-striker-mountain-t1-complete-s101033	A	t1-complete	striker	balanced	node-t1-mountain-04	101033	primary	1200000
459	op-t2-squire-light-desert-t2-desert-established-s101033-cave	B-C	t2-desert-established	squire	light	node-t2-desert-01	101033	cave-charm	1200000
460	op-t2-squire-light-desert-t2-desert-established-s101033	B	t2-desert-established	squire	light	node-t2-desert-01	101033	primary	1200000
461	op-t3-striker-balanced-swamp-t3-developed-s101033	C	t3-developed	striker	balanced	node-t3-swamp-03	101033	primary	1200000
462	op-t1-slinger-mountain-boss-s101033	D1	t1-developed	slinger	balanced	node-t1-mountain-dungeon	101033	primary	300000
463	op-t2-squire-light-swamp-boss-s101033	D2	t2-desert-established	squire	light	node-t2-swamp-dungeon	101033	primary	300000
464	op-t3-squire-light-volcanic-boss-s101033	D3	t3-tundra-arrival	squire	light	node-t3-volcanic-dungeon	101033	primary	300000
465	op-t1-striker-cave-t1-complete-s101033	A	t1-complete	striker	balanced	node-t1-cave-02	101033	primary	1200000
466	op-t2-squire-balanced-jungle-t2-jungle-established-s101033	B	t2-jungle-established	squire	balanced	node-t2-jungle-01	101033	primary	1200000
467	op-t3-striker-balanced-mountain-t3-developed-s101033	C	t3-developed	striker	balanced	node-t3-mountain-04	101033	primary	1200000
468	op-t1-conduit-plains-boss-s101033	D1	t1-developed	conduit	balanced	node-t1-plains-dungeon	101033	primary	300000
469	op-t2-squire-balanced-plains-boss-s101033	D2	t2-desert-established	squire	balanced	node-t2-plains-dungeon	101033	primary	300000
470	op-t3-squire-balanced-mountain-boss-s101033	D3	t3-tundra-arrival	squire	balanced	node-t3-mountain-dungeon	101033	primary	300000
471	op-t1-squire-forest-t1-developed-s101033	A	t1-developed	squire	balanced	node-t1-forest-03	101033	primary	1200000
472	op-t2-squire-balanced-desert-t2-desert-established-s101033-cave	B-C	t2-desert-established	squire	balanced	node-t2-desert-01	101033	cave-charm	1200000
473	op-t2-squire-balanced-desert-t2-desert-established-s101033	B	t2-desert-established	squire	balanced	node-t2-desert-01	101033	primary	1200000
474	op-t3-striker-balanced-cave-t3-developed-s101033	C	t3-developed	striker	balanced	node-t3-cave-02	101033	primary	1200000
475	op-t1-conduit-mountain-boss-s101033	D1	t1-developed	conduit	balanced	node-t1-mountain-dungeon	101033	primary	300000
476	op-t2-squire-balanced-swamp-boss-s101033	D2	t2-desert-established	squire	balanced	node-t2-swamp-dungeon	101033	primary	300000
477	op-t3-squire-balanced-volcanic-boss-s101033	D3	t3-tundra-arrival	squire	balanced	node-t3-volcanic-dungeon	101033	primary	300000
478	op-t1-squire-swamp-t1-developed-s101033	A	t1-developed	squire	balanced	node-t1-swamp-03	101033	primary	1200000
479	op-t2-squire-heavy-jungle-t2-jungle-established-s101033	B	t2-jungle-established	squire	heavy	node-t2-jungle-01	101033	primary	1200000
480	op-t3-striker-balanced-jungle-t3-developed-s101033	C	t3-developed	striker	balanced	node-t3-jungle-01	101033	primary	1200000
481	op-t1-spirit-plains-boss-s101033	D1	t1-developed	spirit	balanced	node-t1-plains-dungeon	101033	primary	300000
482	op-t2-squire-heavy-plains-boss-s101033	D2	t2-desert-established	squire	heavy	node-t2-plains-dungeon	101033	primary	300000
483	op-t3-squire-heavy-mountain-boss-s101033	D3	t3-tundra-arrival	squire	heavy	node-t3-mountain-dungeon	101033	primary	300000
484	op-t1-squire-mountain-t1-developed-s101033	A	t1-developed	squire	balanced	node-t1-mountain-04	101033	primary	1200000
485	op-t2-squire-heavy-desert-t2-desert-established-s101033-cave	B-C	t2-desert-established	squire	heavy	node-t2-desert-01	101033	cave-charm	1200000
486	op-t2-squire-heavy-desert-t2-desert-established-s101033	B	t2-desert-established	squire	heavy	node-t2-desert-01	101033	primary	1200000
487	op-t3-striker-balanced-desert-t3-developed-s101033	C	t3-developed	striker	balanced	node-t3-desert-01	101033	primary	1200000
488	op-t1-spirit-mountain-boss-s101033	D1	t1-developed	spirit	balanced	node-t1-mountain-dungeon	101033	primary	300000
489	op-t2-squire-heavy-swamp-boss-s101033	D2	t2-desert-established	squire	heavy	node-t2-swamp-dungeon	101033	primary	300000
490	op-t3-squire-heavy-volcanic-boss-s101033	D3	t3-tundra-arrival	squire	heavy	node-t3-volcanic-dungeon	101033	primary	300000
491	op-t1-squire-cave-t1-developed-s101033	A	t1-developed	squire	balanced	node-t1-cave-02	101033	primary	1200000
492	op-t2-apprentice-light-jungle-t2-jungle-established-s101033	B	t2-jungle-established	apprentice	light	node-t2-jungle-01	101033	primary	1200000
493	op-t3-striker-balanced-volcanic-t3-developed-s101033	C	t3-developed	striker	balanced	node-t3-volcanic-01	101033	primary	1200000
494	op-t2-apprentice-light-plains-boss-s101033	D2	t2-desert-established	apprentice	light	node-t2-plains-dungeon	101033	primary	300000
495	op-t3-apprentice-light-mountain-boss-s101033	D3	t3-tundra-arrival	apprentice	light	node-t3-mountain-dungeon	101033	primary	300000
496	op-t1-squire-plains-t1-complete-s101033	A	t1-complete	squire	balanced	node-t1-plains-03	101033	primary	1200000
497	op-t2-apprentice-light-desert-t2-desert-established-s101033	B	t2-desert-established	apprentice	light	node-t2-desert-01	101033	primary	1200000
498	op-t3-striker-balanced-tundra-t3-tundra-arrival-s101033	C	t3-tundra-arrival	striker	balanced	node-t3-tundra-01	101033	primary	1200000
499	op-t2-apprentice-light-swamp-boss-s101033	D2	t2-desert-established	apprentice	light	node-t2-swamp-dungeon	101033	primary	300000
500	op-t3-apprentice-light-volcanic-boss-s101033	D3	t3-tundra-arrival	apprentice	light	node-t3-volcanic-dungeon	101033	primary	300000
501	op-t1-squire-forest-t1-complete-s101033	A	t1-complete	squire	balanced	node-t1-forest-03	101033	primary	1200000
502	op-t2-apprentice-balanced-jungle-t2-jungle-established-s101033	B	t2-jungle-established	apprentice	balanced	node-t2-jungle-01	101033	primary	1200000
503	op-t3-striker-heavy-swamp-t3-developed-s101033	C	t3-developed	striker	heavy	node-t3-swamp-03	101033	primary	1200000
504	op-t2-apprentice-balanced-plains-boss-s101033	D2	t2-desert-established	apprentice	balanced	node-t2-plains-dungeon	101033	primary	300000
505	op-t3-apprentice-balanced-mountain-boss-s101033	D3	t3-tundra-arrival	apprentice	balanced	node-t3-mountain-dungeon	101033	primary	300000
506	op-t1-squire-swamp-t1-complete-s101033	A	t1-complete	squire	balanced	node-t1-swamp-03	101033	primary	1200000
507	op-t2-apprentice-balanced-desert-t2-desert-established-s101033	B	t2-desert-established	apprentice	balanced	node-t2-desert-01	101033	primary	1200000
508	op-t3-striker-heavy-mountain-t3-developed-s101033	C	t3-developed	striker	heavy	node-t3-mountain-04	101033	primary	1200000
509	op-t2-apprentice-balanced-swamp-boss-s101033	D2	t2-desert-established	apprentice	balanced	node-t2-swamp-dungeon	101033	primary	300000
510	op-t3-apprentice-balanced-volcanic-boss-s101033	D3	t3-tundra-arrival	apprentice	balanced	node-t3-volcanic-dungeon	101033	primary	300000
511	op-t1-squire-mountain-t1-complete-s101033	A	t1-complete	squire	balanced	node-t1-mountain-04	101033	primary	1200000
512	op-t2-apprentice-heavy-jungle-t2-jungle-established-s101033	B	t2-jungle-established	apprentice	heavy	node-t2-jungle-01	101033	primary	1200000
513	op-t3-striker-heavy-cave-t3-developed-s101033	C	t3-developed	striker	heavy	node-t3-cave-02	101033	primary	1200000
514	op-t2-apprentice-heavy-plains-boss-s101033	D2	t2-desert-established	apprentice	heavy	node-t2-plains-dungeon	101033	primary	300000
515	op-t3-apprentice-heavy-mountain-boss-s101033	D3	t3-tundra-arrival	apprentice	heavy	node-t3-mountain-dungeon	101033	primary	300000
516	op-t1-squire-cave-t1-complete-s101033	A	t1-complete	squire	balanced	node-t1-cave-02	101033	primary	1200000
517	op-t2-apprentice-heavy-desert-t2-desert-established-s101033	B	t2-desert-established	apprentice	heavy	node-t2-desert-01	101033	primary	1200000
518	op-t3-striker-heavy-jungle-t3-developed-s101033	C	t3-developed	striker	heavy	node-t3-jungle-01	101033	primary	1200000
519	op-t2-apprentice-heavy-swamp-boss-s101033	D2	t2-desert-established	apprentice	heavy	node-t2-swamp-dungeon	101033	primary	300000
520	op-t3-apprentice-heavy-volcanic-boss-s101033	D3	t3-tundra-arrival	apprentice	heavy	node-t3-volcanic-dungeon	101033	primary	300000
521	op-t1-apprentice-forest-t1-developed-s101033	A	t1-developed	apprentice	balanced	node-t1-forest-03	101033	primary	1200000
522	op-t2-slinger-light-jungle-t2-jungle-established-s101033	B	t2-jungle-established	slinger	light	node-t2-jungle-01	101033	primary	1200000
523	op-t3-striker-heavy-desert-t3-developed-s101033	C	t3-developed	striker	heavy	node-t3-desert-01	101033	primary	1200000
524	op-t2-slinger-light-plains-boss-s101033	D2	t2-desert-established	slinger	light	node-t2-plains-dungeon	101033	primary	300000
525	op-t3-slinger-light-mountain-boss-s101033	D3	t3-tundra-arrival	slinger	light	node-t3-mountain-dungeon	101033	primary	300000
526	op-t1-apprentice-swamp-t1-developed-s101033	A	t1-developed	apprentice	balanced	node-t1-swamp-03	101033	primary	1200000
527	op-t2-slinger-light-desert-t2-desert-established-s101033	B	t2-desert-established	slinger	light	node-t2-desert-01	101033	primary	1200000
528	op-t3-striker-heavy-volcanic-t3-developed-s101033	C	t3-developed	striker	heavy	node-t3-volcanic-01	101033	primary	1200000
529	op-t2-slinger-light-swamp-boss-s101033	D2	t2-desert-established	slinger	light	node-t2-swamp-dungeon	101033	primary	300000
530	op-t3-slinger-light-volcanic-boss-s101033	D3	t3-tundra-arrival	slinger	light	node-t3-volcanic-dungeon	101033	primary	300000
531	op-t1-apprentice-mountain-t1-developed-s101033	A	t1-developed	apprentice	balanced	node-t1-mountain-04	101033	primary	1200000
532	op-t2-slinger-balanced-jungle-t2-jungle-established-s101033	B	t2-jungle-established	slinger	balanced	node-t2-jungle-01	101033	primary	1200000
533	op-t3-striker-heavy-tundra-t3-tundra-arrival-s101033	C	t3-tundra-arrival	striker	heavy	node-t3-tundra-01	101033	primary	1200000
534	op-t2-slinger-balanced-plains-boss-s101033	D2	t2-desert-established	slinger	balanced	node-t2-plains-dungeon	101033	primary	300000
535	op-t3-slinger-balanced-mountain-boss-s101033	D3	t3-tundra-arrival	slinger	balanced	node-t3-mountain-dungeon	101033	primary	300000
536	op-t1-apprentice-cave-t1-developed-s101033	A	t1-developed	apprentice	balanced	node-t1-cave-02	101033	primary	1200000
537	op-t2-slinger-balanced-desert-t2-desert-established-s101033	B	t2-desert-established	slinger	balanced	node-t2-desert-01	101033	primary	1200000
538	op-t3-squire-light-swamp-t3-developed-s101033	C	t3-developed	squire	light	node-t3-swamp-03	101033	primary	1200000
539	op-t2-slinger-balanced-swamp-boss-s101033	D2	t2-desert-established	slinger	balanced	node-t2-swamp-dungeon	101033	primary	300000
540	op-t3-slinger-balanced-volcanic-boss-s101033	D3	t3-tundra-arrival	slinger	balanced	node-t3-volcanic-dungeon	101033	primary	300000
541	op-t1-apprentice-plains-t1-complete-s101033	A	t1-complete	apprentice	balanced	node-t1-plains-03	101033	primary	1200000
542	op-t2-slinger-heavy-jungle-t2-jungle-established-s101033	B	t2-jungle-established	slinger	heavy	node-t2-jungle-01	101033	primary	1200000
543	op-t3-squire-light-mountain-t3-developed-s101033	C	t3-developed	squire	light	node-t3-mountain-04	101033	primary	1200000
544	op-t2-slinger-heavy-plains-boss-s101033	D2	t2-desert-established	slinger	heavy	node-t2-plains-dungeon	101033	primary	300000
545	op-t3-slinger-heavy-mountain-boss-s101033	D3	t3-tundra-arrival	slinger	heavy	node-t3-mountain-dungeon	101033	primary	300000
546	op-t1-apprentice-forest-t1-complete-s101033	A	t1-complete	apprentice	balanced	node-t1-forest-03	101033	primary	1200000
547	op-t2-slinger-heavy-desert-t2-desert-established-s101033	B	t2-desert-established	slinger	heavy	node-t2-desert-01	101033	primary	1200000
548	op-t3-squire-light-cave-t3-developed-s101033	C	t3-developed	squire	light	node-t3-cave-02	101033	primary	1200000
549	op-t2-slinger-heavy-swamp-boss-s101033	D2	t2-desert-established	slinger	heavy	node-t2-swamp-dungeon	101033	primary	300000
550	op-t3-slinger-heavy-volcanic-boss-s101033	D3	t3-tundra-arrival	slinger	heavy	node-t3-volcanic-dungeon	101033	primary	300000
551	op-t1-apprentice-swamp-t1-complete-s101033	A	t1-complete	apprentice	balanced	node-t1-swamp-03	101033	primary	1200000
552	op-t2-conduit-light-jungle-t2-jungle-established-s101033	B	t2-jungle-established	conduit	light	node-t2-jungle-01	101033	primary	1200000
553	op-t3-squire-light-jungle-t3-developed-s101033	C	t3-developed	squire	light	node-t3-jungle-01	101033	primary	1200000
554	op-t2-conduit-light-plains-boss-s101033	D2	t2-desert-established	conduit	light	node-t2-plains-dungeon	101033	primary	300000
555	op-t3-conduit-light-mountain-boss-s101033	D3	t3-tundra-arrival	conduit	light	node-t3-mountain-dungeon	101033	primary	300000
556	op-t1-apprentice-mountain-t1-complete-s101033	A	t1-complete	apprentice	balanced	node-t1-mountain-04	101033	primary	1200000
557	op-t2-conduit-light-desert-t2-desert-established-s101033	B	t2-desert-established	conduit	light	node-t2-desert-01	101033	primary	1200000
558	op-t3-squire-light-desert-t3-developed-s101033	C	t3-developed	squire	light	node-t3-desert-01	101033	primary	1200000
559	op-t2-conduit-light-swamp-boss-s101033	D2	t2-desert-established	conduit	light	node-t2-swamp-dungeon	101033	primary	300000
560	op-t3-conduit-light-volcanic-boss-s101033	D3	t3-tundra-arrival	conduit	light	node-t3-volcanic-dungeon	101033	primary	300000
561	op-t1-apprentice-cave-t1-complete-s101033	A	t1-complete	apprentice	balanced	node-t1-cave-02	101033	primary	1200000
562	op-t2-conduit-balanced-jungle-t2-jungle-established-s101033	B	t2-jungle-established	conduit	balanced	node-t2-jungle-01	101033	primary	1200000
563	op-t3-squire-light-volcanic-t3-developed-s101033	C	t3-developed	squire	light	node-t3-volcanic-01	101033	primary	1200000
564	op-t2-conduit-balanced-plains-boss-s101033	D2	t2-desert-established	conduit	balanced	node-t2-plains-dungeon	101033	primary	300000
565	op-t3-conduit-balanced-mountain-boss-s101033	D3	t3-tundra-arrival	conduit	balanced	node-t3-mountain-dungeon	101033	primary	300000
566	op-t1-slinger-forest-t1-developed-s101033	A	t1-developed	slinger	balanced	node-t1-forest-03	101033	primary	1200000
567	op-t2-conduit-balanced-desert-t2-desert-established-s101033	B	t2-desert-established	conduit	balanced	node-t2-desert-01	101033	primary	1200000
568	op-t3-squire-light-tundra-t3-tundra-arrival-s101033	C	t3-tundra-arrival	squire	light	node-t3-tundra-01	101033	primary	1200000
569	op-t2-conduit-balanced-swamp-boss-s101033	D2	t2-desert-established	conduit	balanced	node-t2-swamp-dungeon	101033	primary	300000
570	op-t3-conduit-balanced-volcanic-boss-s101033	D3	t3-tundra-arrival	conduit	balanced	node-t3-volcanic-dungeon	101033	primary	300000
571	op-t1-slinger-swamp-t1-developed-s101033	A	t1-developed	slinger	balanced	node-t1-swamp-03	101033	primary	1200000
572	op-t2-conduit-heavy-jungle-t2-jungle-established-s101033	B	t2-jungle-established	conduit	heavy	node-t2-jungle-01	101033	primary	1200000
573	op-t3-squire-balanced-swamp-t3-developed-s101033	C	t3-developed	squire	balanced	node-t3-swamp-03	101033	primary	1200000
574	op-t2-conduit-heavy-plains-boss-s101033	D2	t2-desert-established	conduit	heavy	node-t2-plains-dungeon	101033	primary	300000
575	op-t3-conduit-heavy-mountain-boss-s101033	D3	t3-tundra-arrival	conduit	heavy	node-t3-mountain-dungeon	101033	primary	300000
576	op-t1-slinger-mountain-t1-developed-s101033-flash	A-W	t1-developed	slinger	balanced	node-t1-mountain-04	101033	flash-rapier	1200000
577	op-t1-slinger-mountain-t1-developed-s101033	A	t1-developed	slinger	balanced	node-t1-mountain-04	101033	primary	1200000
578	op-t2-conduit-heavy-desert-t2-desert-established-s101033	B	t2-desert-established	conduit	heavy	node-t2-desert-01	101033	primary	1200000
579	op-t3-squire-balanced-mountain-t3-developed-s101033	C	t3-developed	squire	balanced	node-t3-mountain-04	101033	primary	1200000
580	op-t2-conduit-heavy-swamp-boss-s101033	D2	t2-desert-established	conduit	heavy	node-t2-swamp-dungeon	101033	primary	300000
581	op-t3-conduit-heavy-volcanic-boss-s101033	D3	t3-tundra-arrival	conduit	heavy	node-t3-volcanic-dungeon	101033	primary	300000
582	op-t1-slinger-cave-t1-developed-s101033	A	t1-developed	slinger	balanced	node-t1-cave-02	101033	primary	1200000
583	op-t2-spirit-light-jungle-t2-jungle-established-s101033	B	t2-jungle-established	spirit	light	node-t2-jungle-01	101033	primary	1200000
584	op-t3-squire-balanced-cave-t3-developed-s101033	C	t3-developed	squire	balanced	node-t3-cave-02	101033	primary	1200000
585	op-t2-spirit-light-plains-boss-s101033	D2	t2-desert-established	spirit	light	node-t2-plains-dungeon	101033	primary	300000
586	op-t3-spirit-light-mountain-boss-s101033	D3	t3-tundra-arrival	spirit	light	node-t3-mountain-dungeon	101033	primary	300000
587	op-t1-slinger-plains-t1-complete-s101033	A	t1-complete	slinger	balanced	node-t1-plains-03	101033	primary	1200000
588	op-t2-spirit-light-desert-t2-desert-established-s101033	B	t2-desert-established	spirit	light	node-t2-desert-01	101033	primary	1200000
589	op-t3-squire-balanced-jungle-t3-developed-s101033	C	t3-developed	squire	balanced	node-t3-jungle-01	101033	primary	1200000
590	op-t2-spirit-light-swamp-boss-s101033	D2	t2-desert-established	spirit	light	node-t2-swamp-dungeon	101033	primary	300000
591	op-t3-spirit-light-volcanic-boss-s101033	D3	t3-tundra-arrival	spirit	light	node-t3-volcanic-dungeon	101033	primary	300000
592	op-t1-slinger-forest-t1-complete-s101033	A	t1-complete	slinger	balanced	node-t1-forest-03	101033	primary	1200000
593	op-t2-spirit-balanced-jungle-t2-jungle-established-s101033	B	t2-jungle-established	spirit	balanced	node-t2-jungle-01	101033	primary	1200000
594	op-t3-squire-balanced-desert-t3-developed-s101033	C	t3-developed	squire	balanced	node-t3-desert-01	101033	primary	1200000
595	op-t2-spirit-balanced-plains-boss-s101033	D2	t2-desert-established	spirit	balanced	node-t2-plains-dungeon	101033	primary	300000
596	op-t3-spirit-balanced-mountain-boss-s101033	D3	t3-tundra-arrival	spirit	balanced	node-t3-mountain-dungeon	101033	primary	300000
597	op-t1-slinger-swamp-t1-complete-s101033	A	t1-complete	slinger	balanced	node-t1-swamp-03	101033	primary	1200000
598	op-t2-spirit-balanced-desert-t2-desert-established-s101033	B	t2-desert-established	spirit	balanced	node-t2-desert-01	101033	primary	1200000
599	op-t3-squire-balanced-volcanic-t3-developed-s101033	C	t3-developed	squire	balanced	node-t3-volcanic-01	101033	primary	1200000
600	op-t2-spirit-balanced-swamp-boss-s101033	D2	t2-desert-established	spirit	balanced	node-t2-swamp-dungeon	101033	primary	300000
601	op-t3-spirit-balanced-volcanic-boss-s101033	D3	t3-tundra-arrival	spirit	balanced	node-t3-volcanic-dungeon	101033	primary	300000
602	op-t1-slinger-mountain-t1-complete-s101033	A	t1-complete	slinger	balanced	node-t1-mountain-04	101033	primary	1200000
603	op-t2-spirit-heavy-jungle-t2-jungle-established-s101033	B	t2-jungle-established	spirit	heavy	node-t2-jungle-01	101033	primary	1200000
604	op-t3-squire-balanced-tundra-t3-tundra-arrival-s101033	C	t3-tundra-arrival	squire	balanced	node-t3-tundra-01	101033	primary	1200000
605	op-t2-spirit-heavy-plains-boss-s101033	D2	t2-desert-established	spirit	heavy	node-t2-plains-dungeon	101033	primary	300000
606	op-t3-spirit-heavy-mountain-boss-s101033	D3	t3-tundra-arrival	spirit	heavy	node-t3-mountain-dungeon	101033	primary	300000
607	op-t1-slinger-cave-t1-complete-s101033	A	t1-complete	slinger	balanced	node-t1-cave-02	101033	primary	1200000
608	op-t2-spirit-heavy-desert-t2-desert-established-s101033	B	t2-desert-established	spirit	heavy	node-t2-desert-01	101033	primary	1200000
609	op-t3-squire-heavy-swamp-t3-developed-s101033	C	t3-developed	squire	heavy	node-t3-swamp-03	101033	primary	1200000
610	op-t2-spirit-heavy-swamp-boss-s101033	D2	t2-desert-established	spirit	heavy	node-t2-swamp-dungeon	101033	primary	300000
611	op-t3-spirit-heavy-volcanic-boss-s101033	D3	t3-tundra-arrival	spirit	heavy	node-t3-volcanic-dungeon	101033	primary	300000
612	op-t1-conduit-forest-t1-developed-s101033	A	t1-developed	conduit	balanced	node-t1-forest-03	101033	primary	1200000
613	op-t3-squire-heavy-mountain-t3-developed-s101033	C	t3-developed	squire	heavy	node-t3-mountain-04	101033	primary	1200000
614	op-t1-conduit-swamp-t1-developed-s101033	A	t1-developed	conduit	balanced	node-t1-swamp-03	101033	primary	1200000
615	op-t3-squire-heavy-cave-t3-developed-s101033	C	t3-developed	squire	heavy	node-t3-cave-02	101033	primary	1200000
616	op-t1-conduit-mountain-t1-developed-s101033	A	t1-developed	conduit	balanced	node-t1-mountain-04	101033	primary	1200000
617	op-t3-squire-heavy-jungle-t3-developed-s101033	C	t3-developed	squire	heavy	node-t3-jungle-01	101033	primary	1200000
618	op-t1-conduit-cave-t1-developed-s101033	A	t1-developed	conduit	balanced	node-t1-cave-02	101033	primary	1200000
619	op-t3-squire-heavy-desert-t3-developed-s101033	C	t3-developed	squire	heavy	node-t3-desert-01	101033	primary	1200000
620	op-t1-conduit-plains-t1-complete-s101033	A	t1-complete	conduit	balanced	node-t1-plains-03	101033	primary	1200000
621	op-t3-squire-heavy-volcanic-t3-developed-s101033	C	t3-developed	squire	heavy	node-t3-volcanic-01	101033	primary	1200000
622	op-t1-conduit-forest-t1-complete-s101033	A	t1-complete	conduit	balanced	node-t1-forest-03	101033	primary	1200000
623	op-t3-squire-heavy-tundra-t3-tundra-arrival-s101033	C	t3-tundra-arrival	squire	heavy	node-t3-tundra-01	101033	primary	1200000
624	op-t1-conduit-swamp-t1-complete-s101033	A	t1-complete	conduit	balanced	node-t1-swamp-03	101033	primary	1200000
625	op-t3-apprentice-light-swamp-t3-developed-s101033	C	t3-developed	apprentice	light	node-t3-swamp-03	101033	primary	1200000
626	op-t1-conduit-mountain-t1-complete-s101033	A	t1-complete	conduit	balanced	node-t1-mountain-04	101033	primary	1200000
627	op-t3-apprentice-light-mountain-t3-developed-s101033	C	t3-developed	apprentice	light	node-t3-mountain-04	101033	primary	1200000
628	op-t1-conduit-cave-t1-complete-s101033	A	t1-complete	conduit	balanced	node-t1-cave-02	101033	primary	1200000
629	op-t3-apprentice-light-cave-t3-developed-s101033	C	t3-developed	apprentice	light	node-t3-cave-02	101033	primary	1200000
630	op-t1-spirit-forest-t1-developed-s101033	A	t1-developed	spirit	balanced	node-t1-forest-03	101033	primary	1200000
631	op-t3-apprentice-light-jungle-t3-developed-s101033	C	t3-developed	apprentice	light	node-t3-jungle-01	101033	primary	1200000
632	op-t1-spirit-swamp-t1-developed-s101033	A	t1-developed	spirit	balanced	node-t1-swamp-03	101033	primary	1200000
633	op-t3-apprentice-light-desert-t3-developed-s101033	C	t3-developed	apprentice	light	node-t3-desert-01	101033	primary	1200000
634	op-t1-spirit-mountain-t1-developed-s101033-flash	A-W	t1-developed	spirit	balanced	node-t1-mountain-04	101033	flash-rapier	1200000
635	op-t1-spirit-mountain-t1-developed-s101033	A	t1-developed	spirit	balanced	node-t1-mountain-04	101033	primary	1200000
636	op-t3-apprentice-light-volcanic-t3-developed-s101033	C	t3-developed	apprentice	light	node-t3-volcanic-01	101033	primary	1200000
637	op-t1-spirit-cave-t1-developed-s101033	A	t1-developed	spirit	balanced	node-t1-cave-02	101033	primary	1200000
638	op-t3-apprentice-light-tundra-t3-tundra-arrival-s101033	C	t3-tundra-arrival	apprentice	light	node-t3-tundra-01	101033	primary	1200000
639	op-t1-spirit-plains-t1-complete-s101033	A	t1-complete	spirit	balanced	node-t1-plains-03	101033	primary	1200000
640	op-t3-apprentice-balanced-swamp-t3-developed-s101033	C	t3-developed	apprentice	balanced	node-t3-swamp-03	101033	primary	1200000
641	op-t1-spirit-forest-t1-complete-s101033	A	t1-complete	spirit	balanced	node-t1-forest-03	101033	primary	1200000
642	op-t3-apprentice-balanced-mountain-t3-developed-s101033	C	t3-developed	apprentice	balanced	node-t3-mountain-04	101033	primary	1200000
643	op-t1-spirit-swamp-t1-complete-s101033	A	t1-complete	spirit	balanced	node-t1-swamp-03	101033	primary	1200000
644	op-t3-apprentice-balanced-cave-t3-developed-s101033	C	t3-developed	apprentice	balanced	node-t3-cave-02	101033	primary	1200000
645	op-t1-spirit-mountain-t1-complete-s101033	A	t1-complete	spirit	balanced	node-t1-mountain-04	101033	primary	1200000
646	op-t3-apprentice-balanced-jungle-t3-developed-s101033	C	t3-developed	apprentice	balanced	node-t3-jungle-01	101033	primary	1200000
647	op-t1-spirit-cave-t1-complete-s101033	A	t1-complete	spirit	balanced	node-t1-cave-02	101033	primary	1200000
648	op-t3-apprentice-balanced-desert-t3-developed-s101033	C	t3-developed	apprentice	balanced	node-t3-desert-01	101033	primary	1200000
649	op-t3-apprentice-balanced-volcanic-t3-developed-s101033	C	t3-developed	apprentice	balanced	node-t3-volcanic-01	101033	primary	1200000
650	op-t3-apprentice-balanced-tundra-t3-tundra-arrival-s101033	C	t3-tundra-arrival	apprentice	balanced	node-t3-tundra-01	101033	primary	1200000
651	op-t3-apprentice-heavy-swamp-t3-developed-s101033	C	t3-developed	apprentice	heavy	node-t3-swamp-03	101033	primary	1200000
652	op-t3-apprentice-heavy-mountain-t3-developed-s101033	C	t3-developed	apprentice	heavy	node-t3-mountain-04	101033	primary	1200000
653	op-t3-apprentice-heavy-cave-t3-developed-s101033	C	t3-developed	apprentice	heavy	node-t3-cave-02	101033	primary	1200000
654	op-t3-apprentice-heavy-jungle-t3-developed-s101033	C	t3-developed	apprentice	heavy	node-t3-jungle-01	101033	primary	1200000
655	op-t3-apprentice-heavy-desert-t3-developed-s101033	C	t3-developed	apprentice	heavy	node-t3-desert-01	101033	primary	1200000
656	op-t3-apprentice-heavy-volcanic-t3-developed-s101033	C	t3-developed	apprentice	heavy	node-t3-volcanic-01	101033	primary	1200000
657	op-t3-apprentice-heavy-tundra-t3-tundra-arrival-s101033	C	t3-tundra-arrival	apprentice	heavy	node-t3-tundra-01	101033	primary	1200000
658	op-t3-slinger-light-swamp-t3-developed-s101033	C	t3-developed	slinger	light	node-t3-swamp-03	101033	primary	1200000
659	op-t3-slinger-light-mountain-t3-developed-s101033	C	t3-developed	slinger	light	node-t3-mountain-04	101033	primary	1200000
660	op-t3-slinger-light-cave-t3-developed-s101033	C	t3-developed	slinger	light	node-t3-cave-02	101033	primary	1200000
661	op-t3-slinger-light-jungle-t3-developed-s101033	C	t3-developed	slinger	light	node-t3-jungle-01	101033	primary	1200000
662	op-t3-slinger-light-desert-t3-developed-s101033	C	t3-developed	slinger	light	node-t3-desert-01	101033	primary	1200000
663	op-t3-slinger-light-volcanic-t3-developed-s101033	C	t3-developed	slinger	light	node-t3-volcanic-01	101033	primary	1200000
664	op-t3-slinger-light-tundra-t3-tundra-arrival-s101033	C	t3-tundra-arrival	slinger	light	node-t3-tundra-01	101033	primary	1200000
665	op-t3-slinger-balanced-swamp-t3-developed-s101033	C	t3-developed	slinger	balanced	node-t3-swamp-03	101033	primary	1200000
666	op-t3-slinger-balanced-mountain-t3-developed-s101033	C	t3-developed	slinger	balanced	node-t3-mountain-04	101033	primary	1200000
667	op-t3-slinger-balanced-cave-t3-developed-s101033	C	t3-developed	slinger	balanced	node-t3-cave-02	101033	primary	1200000
668	op-t3-slinger-balanced-jungle-t3-developed-s101033	C	t3-developed	slinger	balanced	node-t3-jungle-01	101033	primary	1200000
669	op-t3-slinger-balanced-desert-t3-developed-s101033	C	t3-developed	slinger	balanced	node-t3-desert-01	101033	primary	1200000
670	op-t3-slinger-balanced-volcanic-t3-developed-s101033	C	t3-developed	slinger	balanced	node-t3-volcanic-01	101033	primary	1200000
671	op-t3-slinger-balanced-tundra-t3-tundra-arrival-s101033	C	t3-tundra-arrival	slinger	balanced	node-t3-tundra-01	101033	primary	1200000
672	op-t3-slinger-heavy-swamp-t3-developed-s101033	C	t3-developed	slinger	heavy	node-t3-swamp-03	101033	primary	1200000
673	op-t3-slinger-heavy-mountain-t3-developed-s101033	C	t3-developed	slinger	heavy	node-t3-mountain-04	101033	primary	1200000
674	op-t3-slinger-heavy-cave-t3-developed-s101033	C	t3-developed	slinger	heavy	node-t3-cave-02	101033	primary	1200000
675	op-t3-slinger-heavy-jungle-t3-developed-s101033	C	t3-developed	slinger	heavy	node-t3-jungle-01	101033	primary	1200000
676	op-t3-slinger-heavy-desert-t3-developed-s101033	C	t3-developed	slinger	heavy	node-t3-desert-01	101033	primary	1200000
677	op-t3-slinger-heavy-volcanic-t3-developed-s101033	C	t3-developed	slinger	heavy	node-t3-volcanic-01	101033	primary	1200000
678	op-t3-slinger-heavy-tundra-t3-tundra-arrival-s101033	C	t3-tundra-arrival	slinger	heavy	node-t3-tundra-01	101033	primary	1200000
679	op-t3-conduit-light-swamp-t3-developed-s101033	C	t3-developed	conduit	light	node-t3-swamp-03	101033	primary	1200000
680	op-t3-conduit-light-mountain-t3-developed-s101033	C	t3-developed	conduit	light	node-t3-mountain-04	101033	primary	1200000
681	op-t3-conduit-light-cave-t3-developed-s101033	C	t3-developed	conduit	light	node-t3-cave-02	101033	primary	1200000
682	op-t3-conduit-light-jungle-t3-developed-s101033	C	t3-developed	conduit	light	node-t3-jungle-01	101033	primary	1200000
683	op-t3-conduit-light-desert-t3-developed-s101033	C	t3-developed	conduit	light	node-t3-desert-01	101033	primary	1200000
684	op-t3-conduit-light-volcanic-t3-developed-s101033	C	t3-developed	conduit	light	node-t3-volcanic-01	101033	primary	1200000
685	op-t3-conduit-light-tundra-t3-tundra-arrival-s101033	C	t3-tundra-arrival	conduit	light	node-t3-tundra-01	101033	primary	1200000
686	op-t3-conduit-balanced-swamp-t3-developed-s101033	C	t3-developed	conduit	balanced	node-t3-swamp-03	101033	primary	1200000
687	op-t3-conduit-balanced-mountain-t3-developed-s101033	C	t3-developed	conduit	balanced	node-t3-mountain-04	101033	primary	1200000
688	op-t3-conduit-balanced-cave-t3-developed-s101033	C	t3-developed	conduit	balanced	node-t3-cave-02	101033	primary	1200000
689	op-t3-conduit-balanced-jungle-t3-developed-s101033	C	t3-developed	conduit	balanced	node-t3-jungle-01	101033	primary	1200000
690	op-t3-conduit-balanced-desert-t3-developed-s101033	C	t3-developed	conduit	balanced	node-t3-desert-01	101033	primary	1200000
691	op-t3-conduit-balanced-volcanic-t3-developed-s101033	C	t3-developed	conduit	balanced	node-t3-volcanic-01	101033	primary	1200000
692	op-t3-conduit-balanced-tundra-t3-tundra-arrival-s101033	C	t3-tundra-arrival	conduit	balanced	node-t3-tundra-01	101033	primary	1200000
693	op-t3-conduit-heavy-swamp-t3-developed-s101033	C	t3-developed	conduit	heavy	node-t3-swamp-03	101033	primary	1200000
694	op-t3-conduit-heavy-mountain-t3-developed-s101033	C	t3-developed	conduit	heavy	node-t3-mountain-04	101033	primary	1200000
695	op-t3-conduit-heavy-cave-t3-developed-s101033	C	t3-developed	conduit	heavy	node-t3-cave-02	101033	primary	1200000
696	op-t3-conduit-heavy-jungle-t3-developed-s101033	C	t3-developed	conduit	heavy	node-t3-jungle-01	101033	primary	1200000
697	op-t3-conduit-heavy-desert-t3-developed-s101033	C	t3-developed	conduit	heavy	node-t3-desert-01	101033	primary	1200000
698	op-t3-conduit-heavy-volcanic-t3-developed-s101033	C	t3-developed	conduit	heavy	node-t3-volcanic-01	101033	primary	1200000
699	op-t3-conduit-heavy-tundra-t3-tundra-arrival-s101033	C	t3-tundra-arrival	conduit	heavy	node-t3-tundra-01	101033	primary	1200000
700	op-t3-spirit-light-swamp-t3-developed-s101033	C	t3-developed	spirit	light	node-t3-swamp-03	101033	primary	1200000
701	op-t3-spirit-light-mountain-t3-developed-s101033	C	t3-developed	spirit	light	node-t3-mountain-04	101033	primary	1200000
702	op-t3-spirit-light-cave-t3-developed-s101033	C	t3-developed	spirit	light	node-t3-cave-02	101033	primary	1200000
703	op-t3-spirit-light-jungle-t3-developed-s101033	C	t3-developed	spirit	light	node-t3-jungle-01	101033	primary	1200000
704	op-t3-spirit-light-desert-t3-developed-s101033	C	t3-developed	spirit	light	node-t3-desert-01	101033	primary	1200000
705	op-t3-spirit-light-volcanic-t3-developed-s101033	C	t3-developed	spirit	light	node-t3-volcanic-01	101033	primary	1200000
706	op-t3-spirit-light-tundra-t3-tundra-arrival-s101033	C	t3-tundra-arrival	spirit	light	node-t3-tundra-01	101033	primary	1200000
707	op-t3-spirit-balanced-swamp-t3-developed-s101033	C	t3-developed	spirit	balanced	node-t3-swamp-03	101033	primary	1200000
708	op-t3-spirit-balanced-mountain-t3-developed-s101033	C	t3-developed	spirit	balanced	node-t3-mountain-04	101033	primary	1200000
709	op-t3-spirit-balanced-cave-t3-developed-s101033	C	t3-developed	spirit	balanced	node-t3-cave-02	101033	primary	1200000
710	op-t3-spirit-balanced-jungle-t3-developed-s101033	C	t3-developed	spirit	balanced	node-t3-jungle-01	101033	primary	1200000
711	op-t3-spirit-balanced-desert-t3-developed-s101033	C	t3-developed	spirit	balanced	node-t3-desert-01	101033	primary	1200000
712	op-t3-spirit-balanced-volcanic-t3-developed-s101033	C	t3-developed	spirit	balanced	node-t3-volcanic-01	101033	primary	1200000
713	op-t3-spirit-balanced-tundra-t3-tundra-arrival-s101033	C	t3-tundra-arrival	spirit	balanced	node-t3-tundra-01	101033	primary	1200000
714	op-t3-spirit-heavy-swamp-t3-developed-s101033	C	t3-developed	spirit	heavy	node-t3-swamp-03	101033	primary	1200000
715	op-t3-spirit-heavy-mountain-t3-developed-s101033	C	t3-developed	spirit	heavy	node-t3-mountain-04	101033	primary	1200000
716	op-t3-spirit-heavy-cave-t3-developed-s101033	C	t3-developed	spirit	heavy	node-t3-cave-02	101033	primary	1200000
717	op-t3-spirit-heavy-jungle-t3-developed-s101033	C	t3-developed	spirit	heavy	node-t3-jungle-01	101033	primary	1200000
718	op-t3-spirit-heavy-desert-t3-developed-s101033	C	t3-developed	spirit	heavy	node-t3-desert-01	101033	primary	1200000
719	op-t3-spirit-heavy-volcanic-t3-developed-s101033	C	t3-developed	spirit	heavy	node-t3-volcanic-01	101033	primary	1200000
720	op-t3-spirit-heavy-tundra-t3-tundra-arrival-s101033	C	t3-tundra-arrival	spirit	heavy	node-t3-tundra-01	101033	primary	1200000
